Type Water Body,State Name,MIN Temprature,MAX Temprature,MIN Dissolved O2,MAX Dissolved O2,MIN pH,MAX pH,MIN Conductivity,MAX Conductivity,MIN BOD,MAX BOD,MIN N+,MAX N+,MIN Fecal Coliform,MAX Fecal Coliform,MIN Total Coliform,MAX Total Coliform
LAKE,ANDHRA PRADESH,24.0,27.0,3.2,6.5,7.0,8.0,245.0,5160.0,1.6,3.2,1.02,3.6,9.0,21.0,120.0,210.0
LAKE,ANDHRA PRADESH,26.0,29.0,3.0,6.8,6.9,7.8,599.0,1179.0,1.9,4.6,0.77,3.56,15.0,23.0,150.0,240.0
LAKE,ANDHRA PRADESH,18.0,24.0,4.2,6.0,7.2,8.2,28000.0,56900.0,2.4,2.8,1.2,1.64,3.0,3.0,47.0,150.0
TANK,ANDHRA PRADESH,22.0,29.0,5.4,6.2,6.3,7.9,180.0,476.0,1.0,2.5,0.34,2.3,24.0,365.0,170.0,549.0
Wetland,ANDHRA PRADESH,21.0,30.0,5.4,6.5,7.3,8.0,496.0,734.0,1.0,2.3,0.35,1.0,43.0,289.0,240.0,727.0
Wetland,ANDHRA PRADESH,22.0,23.0,6.8,7.5,7.1,9.0,158.0,320.0,1.2,2.2,0.42,1.79,3.0,4.0,63.0,150.0
Wetland,ANDHRA PRADESH,20.0,29.0,5.1,6.4,7.1,7.9,381.0,608.0,1.0,2.2,0.32,0.67,45.0,322.0,210.0,602.0
Wetland,ANDHRA PRADESH,22.0,31.0,4.2,7.3,7.1,8.5,274.0,18950.0,1.5,2.5,0.38,2.82,4.0,15.0,2.0,150.0
Wetland,ANDHRA PRADESH,27.0,31.0,4.5,7.2,7.1,8.6,12230.0,56900.0,1.4,3.6,0.63,2.86,4.0,15.0,64.0,120.0
Wetland,ANDHRA PRADESH,21.0,30.0,3.8,5.8,6.6,8.1,802.0,1326.0,2.2,3.5,1.08,4.51,191.0,659.0,540.0,1120.0
Wetland,ANDHRA PRADESH,25.0,26.0,6.1,7.5,7.3,7.9,16170.0,26800.0,2.4,2.8,1.12,1.8,3.0,3.0,63.0,150.0
Wetland,ANDHRA PRADESH,23.0,30.0,4.3,5.6,6.8,8.1,733.0,1303.0,1.8,3.2,0.65,2.91,170.0,525.0,430.0,1120.0
Wetland,ANDHRA PRADESH,24.0,28.0,5.1,6.2,7.1,8.0,24000.0,34500.0,2.4,2.8,1.03,1.81,3.0,3.0,71.0,150.0
Wetland,ANDHRA PRADESH,21.0,27.0,5.3,6.3,7.0,7.9,346.0,560.0,1.0,1.7,0.33,2.57,84.0,376.0,220.0,659.0
Wetland,ANDHRA PRADESH,22.0,32.0,2.0,8.0,7.2,8.3,330.0,58500.0,1.8,4.1,1.0,6.16,7.0,28.0,2.0,1100.0
Wetland,ANDHRA PRADESH,24.0,30.0,5.8,8.0,6.8,8.2,460.0,1340.0,1.5,4.1,0.32,1.92,4.0,21.0,64.0,210.0
Wetland,ANDHRA PRADESH,22.0,32.0,3.5,8.5,6.9,8.6,271.0,53100.0,1.5,22.0,1.02,3.87,9.0,23.0,120.0,460.0
Wetland,ANDHRA PRADESH,23.0,28.0,4.6,6.1,7.1,8.1,931.0,1702.0,1.8,3.0,0.42,2.94,180.0,629.0,430.0,1046.0
Wetland,ANDHRA PRADESH,26.0,32.0,0.3,7.5,6.6,7.7,620.0,1450.0,1.9,54.0,1.96,6.09,21.0,39.0,240.0,2400.0
Wetland,ANDHRA PRADESH,22.0,27.0,5.1,6.4,6.8,7.9,357.0,1210.0,1.2,2.7,0.38,2.34,41.0,356.0,220.0,840.0
Wetland,ANDHRA PRADESH,21.0,29.0,5.2,6.5,7.2,7.9,480.0,795.0,1.0,1.8,0.34,0.94,25.0,373.0,240.0,594.0
Wetland,ANDHRA PRADESH,25.0,32.0,4.1,8.0,7.0,8.2,216.0,392.0,1.2,2.4,0.34,2.29,3.0,4.0,39.0,75.0
Wetland,ANDHRA PRADESH,25.0,29.0,2.3,8.0,7.0,8.0,730.0,39600.0,1.8,5.8,0.46,3.02,4.0,15.0,49.0,150.0
Wetland,ANDHRA PRADESH,21.0,24.0,6.4,7.6,7.0,8.4,641.0,937.0,2.6,4.4,1.27,4.52,3.0,4.0,150.0,2400.0
Wetland,ANDHRA PRADESH,23.0,28.0,2.2,8.2,7.1,8.0,185.0,1175.0,1.4,2.8,0.42,2.29,4.0,7.0,43.0,93.0
LAKE,ASSAM,24.0,24.0,1.0,1.0,7.7,7.8,278.0,282.0,2.3,2.4,1.0,1.0,2.0,2.0,2.0,2.0
LAKE,ASSAM,22.0,26.0,3.8,8.5,7.0,7.7,179.0,208.0,2.0,2.7,0.6,1.2,300.0,910.0,1400.0,2000.0
LAKE,ASSAM,21.0,32.0,0.3,6.3,7.3,7.8,452.0,470.0,23.6,29.2,2.0,2.8,2300.0,3900.0,4400.0,6400.0
LAKE,ASSAM,24.0,36.0,4.5,5.5,7.0,7.8,66.0,81.0,1.6,2.6,0.7,1.1,300.0,730.0,610.0,1500.0
LAKE,ASSAM,21.0,31.0,4.6,10.8,7.2,7.8,156.0,288.0,2.0,5.0,0.6,2.0,300.0,730.0,1100.0,1600.0
LAKE,ASSAM,20.0,31.0,4.2,10.8,7.2,7.8,150.0,291.0,2.2,5.2,0.8,1.8,300.0,730.0,910.0,1600.0
LAKE,ASSAM,22.0,34.0,4.2,5.5,7.0,7.6,64.0,98.0,2.0,2.9,0.7,1.4,300.0,730.0,910.0,1600.0
LAKE,ASSAM,22.0,25.0,4.2,8.4,7.0,7.6,84.0,130.0,2.0,2.8,0.6,0.9,300.0,730.0,910.0,1500.0
LAKE,ASSAM,20.0,35.0,5.4,7.6,6.8,7.6,53.0,85.0,1.9,2.5,0.7,1.2,300.0,360.0,360.0,910.0
LAKE,ASSAM,21.0,27.0,0.3,3.8,7.2,7.8,1046.0,1150.0,25.2,30.4,2.2,3.4,360.0,1400.0,910.0,2700.0
LAKE,ASSAM,20.0,25.0,4.0,6.2,7.0,7.7,126.0,164.0,2.1,2.8,0.6,1.0,300.0,610.0,610.0,1600.0
LAKE,ASSAM,22.0,25.0,4.0,7.8,7.2,8.0,136.0,161.0,2.3,2.8,0.8,1.1,300.0,720.0,910.0,2000.0
LAKE,ASSAM,20.0,30.0,5.8,10.2,7.0,7.6,120.0,152.0,2.2,2.8,0.6,1.2,300.0,930.0,910.0,2000.0
LAKE,ASSAM,19.0,34.0,4.0,7.1,7.0,7.5,118.0,143.0,2.0,2.9,0.6,1.1,300.0,730.0,720.0,2000.0
LAKE,ASSAM,20.0,33.0,0.3,1.4,7.1,7.6,511.0,532.0,14.0,19.0,1.2,2.6,1400.0,2300.0,2700.0,4300.0
LAKE,ASSAM,21.0,25.0,4.0,4.3,6.8,7.5,123.0,158.0,2.2,2.8,0.6,1.2,300.0,910.0,730.0,2100.0
LAKE,ASSAM,21.0,32.0,0.3,6.7,7.0,8.0,462.0,486.0,24.6,29.4,2.0,2.8,2600.0,3600.0,4200.0,5300.0
POND,ASSAM,18.0,24.0,4.2,4.8,7.2,7.5,101.0,130.0,2.1,2.6,0.6,1.2,300.0,910.0,1100.0,2000.0
POND,ASSAM,20.0,27.0,4.5,10.0,7.0,7.6,210.0,242.0,2.0,2.6,1.0,1.3,300.0,2300.0,730.0,4300.0
POND,ASSAM,21.0,25.0,4.0,7.0,7.2,7.8,200.0,297.0,2.0,2.8,0.6,1.1,300.0,730.0,610.0,1500.0
POND,ASSAM,18.0,33.0,5.8,7.4,6.8,8.0,68.0,111.0,2.0,2.6,0.6,1.1,300.0,360.0,360.0,1100.0
POND,ASSAM,19.0,34.0,5.6,7.6,6.9,7.7,56.0,96.0,2.0,2.5,0.7,1.1,300.0,360.0,300.0,910.0
POND,ASSAM,20.0,30.0,4.0,6.2,7.2,7.6,63.0,88.0,2.0,2.8,0.8,1.1,300.0,730.0,730.0,1500.0
POND,ASSAM,22.0,32.0,4.6,10.3,7.2,7.7,83.0,108.0,2.1,2.6,0.7,1.1,300.0,730.0,720.0,1500.0
POND,ASSAM,20.0,35.0,4.2,11.2,7.1,7.7,218.0,321.0,2.3,3.0,1.0,1.8,360.0,730.0,910.0,2000.0
POND,ASSAM,19.0,29.0,4.0,6.8,7.0,7.6,206.0,882.0,2.2,2.8,0.8,1.3,300.0,910.0,730.0,2100.0
POND,ASSAM,20.0,30.0,6.8,9.2,7.3,7.8,63.0,103.0,2.1,2.5,0.7,1.1,300.0,720.0,720.0,1500.0
POND,ASSAM,21.0,27.0,4.5,10.2,7.0,7.8,70.0,89.0,1.8,2.8,0.6,1.1,300.0,730.0,610.0,1500.0
POND,ASSAM,20.0,36.0,4.8,7.0,6.4,7.6,65.0,83.0,1.3,2.7,0.7,1.4,2.0,730.0,360.0,1500.0
POND,ASSAM,20.0,32.0,6.8,7.6,7.4,7.8,101.0,119.0,2.3,2.6,0.6,1.2,300.0,360.0,620.0,1500.0
POND,ASSAM,18.0,32.0,5.6,7.2,6.7,7.4,64.0,77.0,1.8,2.7,0.8,1.1,300.0,360.0,360.0,910.0
POND,ASSAM,22.0,31.0,7.0,8.0,7.2,8.0,89.0,210.0,2.2,2.8,0.8,1.1,300.0,720.0,730.0,1400.0
POND,ASSAM,20.0,35.0,4.5,11.0,7.0,8.0,382.0,404.0,2.1,2.9,0.8,1.2,360.0,910.0,910.0,2000.0
POND,ASSAM,22.0,36.0,4.0,5.1,7.2,8.0,68.0,95.0,1.9,2.6,0.7,1.1,300.0,910.0,910.0,2100.0
POND,ASSAM,18.0,35.0,5.0,7.6,6.0,7.9,64.0,88.0,1.8,2.6,0.7,1.1,300.0,360.0,360.0,910.0
POND,ASSAM,23.0,33.0,7.0,7.8,7.2,7.8,264.0,304.0,2.2,2.7,0.8,1.3,300.0,730.0,720.0,1500.0
POND,ASSAM,22.0,25.0,4.0,5.4,6.8,7.7,122.0,179.0,2.2,2.6,0.7,1.0,300.0,940.0,910.0,1600.0
POND,ASSAM,24.0,38.0,4.1,5.7,7.0,7.7,60.0,80.0,1.9,2.6,0.7,1.2,300.0,910.0,730.0,2000.0
POND,ASSAM,24.0,36.0,4.3,5.6,7.3,7.9,96.0,126.0,2.1,2.6,0.7,1.2,300.0,910.0,910.0,2000.0
POND,ASSAM,21.0,33.0,5.6,7.8,6.8,7.8,73.0,109.0,2.1,2.6,0.6,1.2,300.0,360.0,360.0,910.0
POND,ASSAM,21.0,32.0,4.0,7.0,7.0,7.6,75.0,105.0,2.0,2.7,0.7,1.1,300.0,730.0,720.0,1500.0
POND,ASSAM,20.0,36.0,4.0,7.5,6.6,7.6,66.0,90.0,1.8,2.8,0.7,1.1,300.0,730.0,360.0,1500.0
POND,ASSAM,19.0,30.0,4.0,8.5,7.3,7.8,218.0,247.0,2.0,2.7,0.6,1.1,300.0,730.0,720.0,2100.0
POND,ASSAM,19.0,36.0,5.5,7.8,6.8,7.7,71.0,89.0,2.0,2.8,0.7,1.1,300.0,360.0,360.0,910.0
TANK,ASSAM,20.0,36.0,5.5,6.5,6.3,7.6,62.0,88.0,1.4,2.6,0.7,1.1,2.0,300.0,360.0,730.0
LAKE,BIHAR,12.0,31.0,1.7,9.2,6.8,7.5,136.0,360.0,2.4,4.2,0.15,6.2,780.0,92000.0,2300.0,160000.0
LAKE,BIHAR,20.0,29.0,2.6,22.0,7.2,8.3,390.0,1080.0,1.0,16.0,0.06,2.57,680.0,160000.0,1100.0,160000.0
LAKE,BIHAR,12.0,32.0,2.2,18.5,7.6,9.0,444.0,948.0,3.7,10.0,0.3,0.5,1700.0,160000.0,3300.0,160000.0
POND,BIHAR,18.0,31.0,3.3,16.0,7.1,8.2,427.0,817.0,2.3,6.9,0.13,1.65,2200.0,160000.0,2600.0,160000.0
POND,BIHAR,18.0,31.0,5.4,19.6,7.4,8.8,557.0,1140.0,2.1,8.0,0.3,1.17,920.0,160000.0,1700.0,160000.0
LAKE,CHANDIGARH,17.0,33.0,7.5,10.3,6.9,8.7,208.0,295.0,2.4,3.6,0.5,15.0,5.0,27000.0,33.0,10900000.0
LAKE,DELHI,32.0,32.0,0.3,1.7,7.6,8.1,6560.0,6560.0,40.0,55.0,1.14,2.1,49000.0,3300000.0,14000000.0,14000000.0
LAKE,DELHI,34.0,34.0,0.3,11.0,8.7,9.1,940.0,940.0,64.0,163.0,2.38,2.6,49.0,980000.0,79.0,79.0
LAKE,DELHI,33.0,33.0,0.3,9.0,8.1,8.3,1194.0,1194.0,26.0,57.0,1.01,2.04,49.0,40000.0,130.0,130.0
LAKE,GOA,27.0,32.0,4.8,7.9,5.7,7.4,40.0,140.0,1.0,1.6,0.32,0.54,2.0,240.0,2.0,540.0
LAKE,GOA,27.0,30.0,4.3,8.8,6.3,8.3,99.0,603.0,1.0,2.8,0.32,0.39,78.0,1300.0,110.0,3300.0
LAKE,GOA,27.0,31.0,1.6,6.7,6.0,7.7,78.0,195.0,1.0,2.9,0.32,1.22,130.0,2300.0,170.0,4900.0
LAKE,GOA,27.0,33.0,5.9,8.4,6.2,7.4,55.0,167.0,1.0,1.9,0.32,0.44,49.0,3300.0,140.0,5400.0
LAKE,GOA,28.0,32.0,5.9,8.2,6.2,7.3,39.0,96.0,1.0,1.8,0.32,0.32,170.0,2200.0,330.0,2700.0
LAKE,GOA,27.0,31.0,2.8,7.7,6.4,7.7,90.0,177.0,1.2,3.4,0.32,1.12,45.0,2700.0,68.0,3900.0
LAKE,GOA,27.0,32.0,1.2,6.0,6.1,7.8,95.0,141.0,1.0,3.8,0.32,0.52,130.0,2300.0,230.0,4900.0
LAKE,GOA,28.0,30.0,1.2,4.9,6.5,7.8,196.0,463.0,2.5,8.0,0.32,1.18,230.0,4900.0,940.0,7900.0
LAKE,GOA,27.5,33.0,6.1,8.1,6.7,8.5,38.0,139.0,1.0,1.8,0.32,0.9,2.0,49.0,4.0,79.0
LAKE,GUJARAT,27.0,30.0,5.1,8.5,7.6,8.5,365.0,502.0,1.0,1.0,0.32,0.39,2.0,11.0,17.0,70.0
LAKE,GUJARAT,26.0,31.0,6.5,8.5,7.6,8.3,306.0,508.0,1.0,1.0,0.3,0.5,2.0,27.0,20.0,70.0
LAKE,GUJARAT,27.0,29.0,3.5,7.2,7.3,8.0,205.0,2415.0,1.0,10.5,0.3,1.3,12.0,120.0,46.0,350.0
LAKE,GUJARAT,25.0,30.0,4.1,6.9,7.3,8.4,449.0,669.0,2.4,19.0,0.3,1.68,26.0,920.0,130.0,1600.0
LAKE,GUJARAT,27.0,35.0,4.7,6.7,7.7,8.5,892.0,1621.0,1.5,3.2,0.24,0.72,70.0,350.0,280.0,540.0
LAKE,GUJARAT,26.0,33.0,3.4,6.8,7.4,8.5,335.0,646.0,1.3,3.2,0.32,1.6,23.0,140.0,130.0,350.0
LAKE,GUJARAT,23.0,30.0,5.2,6.4,7.2,8.4,363.0,690.0,2.2,2.8,0.33,0.46,5.0,7.0,22.0,28.0
LAKE,GUJARAT,25.0,30.0,4.8,8.4,8.5,9.1,2571.0,3999.0,7.0,22.0,0.32,1.63,33.0,920.0,280.0,1600.0
LAKE,GUJARAT,26.0,30.0,5.9,6.9,7.3,8.4,452.0,3120.0,1.6,2.5,0.32,0.75,2.0,170.0,10.0,540.0
LAKE,GUJARAT,18.0,29.0,3.0,4.4,6.8,8.4,358.0,835.0,1.0,2.1,0.32,0.6,3.0,6.0,6.0,27.0
LAKE,GUJARAT,24.0,29.0,6.4,6.8,7.3,8.6,299.0,1012.0,2.0,2.4,0.16,0.43,2.0,21.0,2.0,49.0
LAKE,GUJARAT,24.0,32.0,4.2,9.2,8.3,9.1,2669.0,3850.0,3.0,27.0,0.3,0.72,12.0,540.0,63.0,920.0
LAKE,GUJARAT,26.0,30.0,0.3,7.5,8.3,9.0,1838.0,6138.0,10.0,59.0,0.16,1.1,94.0,920.0,280.0,1600.0
LAKE,GUJARAT,20.0,30.0,6.2,7.6,7.5,8.3,383.0,773.0,1.0,1.1,0.01,0.42,2.0,6.0,2.0,33.0
LAKE,GUJARAT,26.0,30.0,5.0,8.4,7.8,8.8,1290.0,11480.0,1.8,24.0,0.32,0.76,33.0,540.0,120.0,920.0
LAKE,GUJARAT,23.0,29.0,3.5,6.5,7.2,8.3,314.0,1020.0,2.2,2.9,0.33,0.35,2.0,49.0,17.0,130.0
LAKE,GUJARAT,26.0,32.0,4.9,7.3,7.6,8.5,800.0,1136.0,1.6,4.1,0.32,0.45,46.0,350.0,170.0,540.0
LAKE,GUJARAT,26.0,28.0,3.5,5.5,7.3,8.5,430.0,779.0,1.8,4.1,0.3,0.91,130.0,350.0,240.0,540.0
POND,GUJARAT,28.0,31.0,7.0,7.8,7.5,8.4,369.0,564.0,1.0,1.9,0.3,0.57,2.0,17.0,10.0,120.0
POND,GUJARAT,20.0,30.0,5.4,8.2,7.3,8.4,413.0,1038.0,1.0,2.5,0.04,0.32,2.0,110.0,27.0,280.0
TANK,GUJARAT,22.0,35.0,2.6,7.7,7.1,8.5,440.0,1360.0,8.0,29.0,0.32,1.04,6.0,540.0,50.0,920.0
LAKE,HARYANA,20.4,32.0,6.5,7.2,7.0,7.9,860.0,1360.0,4.0,9.0,0.8,3.2,6600.0,39000.0,32000.0,110000.0
LAKE,HIMACHALPRADESH,14.0,23.0,8.4,9.7,7.2,8.0,187.0,380.0,1.0,1.0,0.32,2.14,94.0,540.0,280.0,1600.0
LAKE,HIMACHALPRADESH,4.0,17.0,5.7,7.1,6.1,7.7,62.0,113.0,1.0,2.0,0.3,1.9,2.0,2.0,31.0,84.0
LAKE,HIMACHALPRADESH,13.0,26.0,6.0,9.2,7.1,8.2,109.0,225.0,1.0,1.0,0.3,1.2,2.0,2.0,25.0,63.0
LAKE,HIMACHALPRADESH,10.0,22.0,6.5,8.9,7.3,8.5,372.0,625.0,1.0,2.0,0.32,0.82,26.0,46.0,130.0,350.0
LAKE,HIMACHALPRADESH,11.0,27.0,5.3,9.8,6.9,8.3,58.0,746.0,1.0,5.0,0.41,1.74,110.0,920.0,920.0,1600.0
LAKE,JAMMU  KASHMIR,15.0,26.0,6.2,6.6,7.9,8.6,168.0,236.0,3.1,4.1,0.03,0.04,41.0,321.0,280.0,920.0
LAKE,JAMMU  KASHMIR,9.2,26.1,3.6,7.1,7.3,7.7,225.0,479.0,1.5,2.8,0.6,2.9,41.0,321.0,280.0,920.0
LAKE,JAMMU  KASHMIR,8.3,26.3,0.5,3.6,7.2,7.4,300.0,725.0,3.3,8.7,0.6,2.9,41.0,321.0,280.0,920.0
LAKE,JAMMU KASHMIR,7.1,26.4,1.4,5.6,7.2,7.4,274.0,552.0,2.4,5.3,0.6,2.9,41.0,321.0,280.0,920.0
LAKE,JAMMU KASHMIR,7.3,24.0,3.5,7.2,7.3,7.8,217.0,2889.0,1.2,2.8,0.6,2.9,41.0,321.0,280.0,920.0
LAKE,JAMMU KASHMIR,8.9,25.8,0.7,2.6,7.1,7.4,274.0,676.0,3.5,7.6,0.6,2.9,41.0,321.0,280.0,920.0
LAKE,JAMMU KASHMIR,13.0,25.8,4.3,9.0,7.3,8.1,179.0,217.0,2.0,4.4,0.6,2.9,41.0,321.0,280.0,920.0
LAKE,JAMMU KASHMIR,14.0,28.2,0.5,4.5,7.1,7.7,264.0,350.0,5.4,13.6,0.6,2.9,41.0,321.0,280.0,920.0
LAKE,JAMMU KASHMIR,13.5,28.0,0.7,5.0,7.1,7.7,273.0,310.0,4.4,10.5,0.6,2.9,41.0,321.0,280.0,920.0
LAKE,JAMMU KASHMIR,11.2,25.5,3.4,7.5,7.2,7.9,166.0,2110.0,2.1,2.9,0.6,2.9,41.0,321.0,280.0,920.0
LAKE,JAMMU KASHMIR,11.3,28.0,3.3,7.5,7.0,8.3,161.0,206.0,2.0,3.7,0.6,2.9,41.0,321.0,280.0,920.0
LAKE,JAMMU KASHMIR,11.7,27.3,4.7,7.6,7.1,7.9,170.0,200.0,2.7,3.3,0.6,2.9,41.0,321.0,280.0,920.0
LAKE,JAMMU KASHMIR,14.0,27.8,4.0,9.0,7.5,8.2,161.0,430.0,2.3,6.4,0.6,2.9,41.0,321.0,280.0,920.0
LAKE,JAMMU KASHMIR,13.0,26.4,6.0,9.5,7.5,8.1,101.0,237.0,1.3,3.4,0.6,2.9,41.0,321.0,280.0,920.0
LAKE,JAMMU KASHMIR,13.5,27.4,2.8,8.3,7.4,8.5,183.0,420.0,1.0,8.5,0.02,0.02,41.0,321.0,280.0,920.0
LAKE,JAMMU KASHMIR,13.8,28.0,4.5,9.8,7.5,8.3,206.0,311.0,2.2,5.6,0.6,2.9,41.0,321.0,280.0,920.0
LAKE,JAMMU  KASHMIR,13.5,27.0,5.8,9.2,7.7,8.5,202.0,227.0,2.0,4.0,0.6,2.9,41.0,321.0,280.0,920.0
LAKE,JAMMU  KASHMIR,13.0,27.6,6.4,9.8,7.9,8.2,160.0,195.0,2.0,3.8,0.6,2.9,41.0,321.0,280.0,920.0
LAKE,JAMMU  KASHMIR,13.8,26.1,6.4,9.8,7.4,8.5,142.0,268.0,1.5,2.9,0.6,2.9,41.0,321.0,280.0,920.0
LAKE,JAMMU  KASHMIR,11.7,28.0,5.7,9.3,7.4,7.8,165.0,202.0,2.3,4.6,0.6,2.9,41.0,321.0,280.0,920.0
LAKE,JAMMU  KASHMIR,12.2,27.5,4.8,8.9,7.6,8.3,188.0,267.0,2.0,6.3,0.6,2.9,41.0,321.0,280.0,920.0
LAKE,JAMMU  KASHMIR,14.0,24.0,5.9,7.9,7.5,8.1,192.0,239.0,1.0,1.0,0.02,0.02,41.0,321.0,280.0,920.0
LAKE,JAMMU  KASHMIR,15.0,26.0,6.1,6.5,8.1,8.6,170.0,240.0,3.4,16.4,0.04,0.04,41.0,321.0,280.0,920.0
LAKE,JAMMU KASHMIR,9.4,27.0,2.5,7.5,7.3,7.6,197.0,291.0,2.0,5.1,0.6,2.9,41.0,321.0,280.0,920.0
LAKE,JAMMU KASHMIR,10.0,21.0,1.6,8.1,7.1,7.5,90.0,487.0,1.3,5.6,0.6,2.9,41.0,321.0,280.0,920.0
LAKE,JAMMU KASHMIR,6.1,24.0,3.0,7.9,7.2,7.9,70.0,165.0,1.0,4.6,0.6,2.9,41.0,321.0,280.0,920.0
LAKE,JAMMU KASHMIR,6.0,24.1,4.2,6.8,7.1,7.6,194.0,260.0,1.3,2.7,0.6,2.9,41.0,321.0,280.0,920.0
LAKE,JAMMU KASHMIR,8.6,26.0,4.4,8.5,7.1,8.0,161.0,249.0,1.5,2.7,0.6,2.9,41.0,321.0,280.0,920.0
LAKE,JAMMU KASHMIR,8.5,28.4,2.4,8.7,7.1,7.7,188.0,268.0,1.8,5.7,0.6,2.9,41.0,321.0,280.0,920.0
LAKE,JHARKHAND,20.0,32.0,7.0,8.0,7.2,7.7,168.0,243.0,1.0,1.6,0.6,2.9,41.0,321.0,280.0,920.0
LAKE,JHARKHAND,19.5,20.0,7.4,7.6,7.5,7.5,344.0,790.0,2.4,2.5,0.6,2.9,41.0,321.0,280.0,920.0
POND,JHARKHAND,17.0,31.0,3.6,8.0,7.6,8.2,296.0,350.0,2.1,2.6,0.6,2.9,41.0,321.0,280.0,920.0
POND,JHARKHAND,20.0,23.0,2.0,4.9,7.3,7.4,344.0,790.0,3.9,12.8,0.6,2.9,41.0,321.0,280.0,920.0
POND,JHARKHAND,19.0,23.0,4.0,4.2,7.3,7.4,344.0,790.0,4.6,4.8,0.6,2.9,41.0,321.0,280.0,920.0
POND,JHARKHAND,17.0,32.0,6.2,7.6,7.6,8.2,310.0,332.0,1.5,2.6,0.6,2.9,41.0,321.0,280.0,920.0
LAKE,KARNATAKA,25.0,25.0,0.3,7.2,6.5,8.1,226.0,1399.0,3.0,42.0,0.7,3.0,4600.0,940000.0,35000.0,5400000.0
LAKE,KARNATAKA,25.0,25.0,1.9,7.0,6.5,7.7,324.0,1268.0,4.0,22.0,1.5,5.7,3300.0,150000.0,24000.0,1600000.0
LAKE,KARNATAKA,25.0,25.0,4.2,6.6,6.6,7.6,449.0,963.0,3.0,8.0,0.3,2.6,2300.0,1100000.0,24000.0,3500000.0
LAKE,KARNATAKA,25.0,25.0,0.3,6.2,6.3,7.2,358.0,1637.0,4.0,29.0,0.3,2.2,3400.0,700000.0,24000.0,5400000.0
LAKE,KARNATAKA,25.0,25.0,4.6,6.8,6.8,7.9,706.0,985.0,3.7,7.0,1.4,3.29,490.0,15000.0,5400.0,160000.0
LAKE,KARNATAKA,25.0,25.0,4.4,6.5,6.5,8.1,209.0,1194.0,4.0,9.0,0.7,3.2,3300.0,140000.0,24000.0,540000.0
LAKE,KARNATAKA,25.0,25.0,3.2,6.8,7.1,8.5,706.0,949.0,4.0,17.0,0.4,6.49,3300.0,150000.0,24000.0,1600000.0
LAKE,KARNATAKA,25.0,25.0,0.3,2.8,6.5,6.9,1035.0,1187.0,18.0,87.0,1.1,5.0,2300.0,1200000000.0,24000.0,9200000000.0
LAKE,KARNATAKA,24.0,29.0,0.3,10.9,7.6,9.0,708.0,1528.0,1.0,38.0,0.32,6.0,920.0,1840.0,1600.0,3200.0
LAKE,KARNATAKA,25.0,25.0,5.7,6.9,6.5,7.2,141.0,312.0,3.0,5.0,0.4,11.5,1200.0,15000.0,16000.0,160000.0
LAKE,KARNATAKA,25.0,25.0,4.0,7.0,6.5,7.4,297.0,1326.0,3.0,11.0,0.6,2.3,3300.0,940000.0,24000.0,5400000.0
LAKE,KARNATAKA,25.0,25.0,1.0,7.0,6.5,7.7,225.0,1871.0,4.0,22.0,0.36,3.0,3300.0,1100000.0,24000.0,9200000.0
LAKE,KARNATAKA,25.0,25.1,4.8,7.4,6.5,7.8,208.0,521.0,2.0,10.0,0.3,2.2,23.0,46000.0,24000.0,350000.0
LAKE,KARNATAKA,25.0,25.0,2.1,4.8,6.5,8.5,671.0,1238.0,6.0,36.0,1.5,3.6,4000.0,79000.0,24000.0,540000.0
LAKE,KARNATAKA,21.0,26.0,0.3,3.6,7.1,8.5,725.0,1168.0,8.0,14.0,2.1,4.9,2100.0,3300.0,7000.0,12000.0
LAKE,KARNATAKA,21.0,25.0,2.1,6.6,6.5,7.6,425.0,1336.0,3.0,30.0,1.1,9.4,4000.0,14000.0,24000.0,160000.0
LAKE,KARNATAKA,25.0,25.0,3.4,6.6,6.1,8.0,185.0,1114.0,3.0,8.0,0.3,9.79,4000.0,120000.0,24000.0,1600000.0
LAKE,KARNATAKA,25.0,25.0,0.3,5.1,6.3,7.4,974.0,1737.0,9.0,375.0,1.2,8.0,3300.0,2300000000.0,24000.0,2400000000.0
LAKE,KARNATAKA,25.0,25.0,0.3,6.0,6.0,7.5,359.0,3010.0,5.0,203.0,0.7,13.0,4600.0,94000000.0,35000.0,540000000.0
LAKE,KARNATAKA,25.0,25.0,4.0,6.2,6.5,7.6,325.0,1769.0,4.0,15.0,0.5,4.5,2300.0,94000.0,24000.0,540000.0
LAKE,KARNATAKA,25.0,25.0,2.0,7.1,6.4,8.4,221.0,1453.0,4.0,42.0,0.6,3.6,2300.0,46000.0,24000.0,350000.0
LAKE,KARNATAKA,25.0,26.0,2.1,6.8,6.1,7.1,240.0,2720.0,3.0,34.0,0.3,8.8,4000.0,120000.0,24000.0,920000.0
LAKE,KARNATAKA,25.0,25.0,4.8,6.4,6.5,7.7,247.0,371.0,3.0,11.0,0.4,0.8,1500.0,15000.0,16000.0,160000.0
LAKE,KARNATAKA,25.0,25.0,1.2,5.9,6.5,8.4,812.0,1282.0,4.0,30.0,0.8,5.3,3300.0,23000.0,24000.0,240000.0
LAKE,KARNATAKA,22.0,29.0,5.2,5.8,7.5,8.5,386.0,655.0,3.5,4.8,1.8,6.0,240.0,790.0,2200.0,3800.0
LAKE,KARNATAKA,19.0,25.0,4.4,6.3,7.5,9.0,986.0,1549.0,3.5,7.4,2.3,8.1,910.0,2600.0,5800.0,7000.0
LAKE,KARNATAKA,25.0,25.0,3.2,6.9,6.4,7.4,303.0,974.0,3.0,16.0,0.9,4.0,4000.0,480000.0,35000.0,3500000.0
LAKE,KARNATAKA,25.0,25.1,0.3,6.0,6.5,7.0,550.0,1576.0,5.0,78.0,0.7,4.5,3300.0,700000.0,24000.0,3500000.0
LAKE,KARNATAKA,25.0,25.0,3.1,7.2,6.9,7.9,217.0,1466.0,3.0,10.0,1.0,5.2,3300.0,17000.0,24000.0,160000.0
LAKE,KARNATAKA,25.0,25.0,2.0,6.4,6.5,7.4,206.0,738.0,4.0,16.0,0.5,3.4,4600.0,330000.0,35000.0,2400000.0
LAKE,KARNATAKA,25.0,25.0,1.0,6.3,6.5,7.4,521.0,1017.0,3.0,35.0,1.0,4.2,2300.0,63000.0,24000.0,540000.0
LAKE,KARNATAKA,25.0,25.0,2.8,6.1,6.5,8.2,447.0,1323.0,3.0,13.0,1.27,4.7,2300.0,700000.0,24000.0,16000000.0
LAKE,KARNATAKA,25.0,25.0,0.3,5.5,6.3,7.6,286.0,2280.0,6.0,124.0,0.6,19.0,3300.0,480000.0,24000.0,3500000.0
LAKE,KARNATAKA,25.0,25.0,0.3,7.2,6.6,7.7,629.0,1449.0,3.0,27.0,0.93,6.0,2200.0,1700000.0,24000.0,16000000.0
LAKE,KARNATAKA,25.0,25.0,4.1,7.2,6.5,8.4,424.0,1304.0,3.0,12.0,1.0,5.3,3300.0,23000.0,24000.0,240000.0
LAKE,KARNATAKA,25.0,25.0,2.3,6.8,6.5,7.5,180.0,2116.0,3.0,12.0,0.3,4.0,4900.0,130000.0,24000.0,1600000.0
LAKE,KARNATAKA,25.0,25.0,0.3,6.1,6.5,7.4,827.0,2860.0,3.0,80.0,1.7,7.03,4800.0,48000000.0,35000.0,350000000.0
LAKE,KARNATAKA,25.0,25.0,4.6,7.1,6.7,7.0,210.0,853.0,4.0,6.0,1.0,5.0,4600.0,46000.0,35000.0,350000.0
LAKE,KARNATAKA,25.0,25.0,4.3,6.8,6.5,8.5,299.0,787.0,3.0,14.0,0.88,2.3,2300.0,140000.0,24000.0,1600000.0
LAKE,KARNATAKA,21.0,33.0,4.6,10.0,7.0,8.8,332.0,692.0,1.3,6.4,0.3,4.7,920.0,920.0,1600.0,1600.0
LAKE,KARNATAKA,25.0,25.0,2.7,6.9,6.5,8.0,488.0,1253.0,3.0,20.0,0.3,6.8,2300.0,46000.0,24000.0,350000.0
LAKE,KARNATAKA,25.0,25.0,3.0,6.2,6.6,7.6,369.0,1345.0,4.0,34.0,0.5,4.0,2700.0,14000.0,24000.0,160000.0
LAKE,KARNATAKA,25.0,25.1,0.3,6.5,6.5,8.3,313.0,3370.0,5.0,54.0,0.3,8.09,2600.0,330000.0,24000.0,2400000.0
LAKE,KARNATAKA,21.0,25.0,5.0,6.8,7.1,9.0,495.0,770.0,2.7,4.4,1.0,3.1,830.0,1400.0,4600.0,6300.0
LAKE,KARNATAKA,25.0,25.0,3.0,6.1,6.8,7.8,725.0,1299.0,4.0,17.0,0.81,15.0,460.0,94000.0,3500.0,540000.0
LAKE,KARNATAKA,20.0,26.0,4.6,6.0,7.3,8.8,564.0,850.0,3.5,5.2,1.5,3.1,780.0,1700.0,5800.0,8400.0
LAKE,KARNATAKA,25.0,25.0,0.3,6.4,6.3,7.6,385.0,4200.0,3.0,145.0,0.6,11.0,3300.0,1200000.0,24000.0,9200000.0
LAKE,KARNATAKA,25.0,25.0,1.2,5.4,6.8,8.2,647.0,2009.0,4.0,78.0,1.1,6.0,3300.0,63000.0,24000.0,540000.0
LAKE,KARNATAKA,24.0,25.0,3.6,6.5,6.5,6.7,374.0,820.0,3.0,10.0,1.2,3.0,3900.0,7000.0,24000.0,54000.0
LAKE,KARNATAKA,25.0,25.0,4.1,6.2,6.9,8.0,543.0,1021.0,3.0,10.0,0.3,7.75,3300.0,130000.0,24000.0,920000.0
LAKE,KARNATAKA,25.0,25.0,1.1,7.1,6.5,7.8,304.0,821.0,3.0,34.0,0.44,3.2,3400.0,7000000.0,24000.0,92000000.0
LAKE,KARNATAKA,24.0,26.0,6.5,6.8,7.4,8.0,810.0,1070.0,3.4,3.9,0.92,1.22,26.0,52.0,109.0,165.0
LAKE,KARNATAKA,25.0,25.0,0.8,6.3,6.5,7.6,422.0,2120.0,4.0,46.0,1.22,7.6,4600.0,34000.0,35000.0,240000.0
LAKE,KARNATAKA,25.0,25.0,1.8,6.5,6.5,8.0,207.0,1297.0,5.0,38.0,0.3,7.9,2300.0,1100000.0,24000.0,9200000.0
LAKE,KARNATAKA,25.0,25.0,0.3,6.8,6.5,8.2,346.0,741.0,4.0,32.0,0.5,2.8,330.0,63000.0,9200.0,540000.0
LAKE,KARNATAKA,25.0,25.0,3.0,6.3,6.6,7.7,459.0,1173.0,3.0,22.0,1.1,2.57,3300.0,94000.0,24000.0,540000.0
LAKE,KARNATAKA,25.0,25.0,4.7,6.0,6.9,7.8,290.0,1233.0,3.0,11.0,1.1,3.0,4000.0,9400.0,35000.0,54000.0
LAKE,KARNATAKA,25.0,25.0,3.1,6.7,6.6,8.5,413.0,1236.0,4.0,23.0,0.47,4.6,3300.0,150000.0,24000.0,1600000.0
LAKE,KARNATAKA,25.0,25.0,0.3,4.2,6.6,7.4,1023.0,1480.0,9.0,93.0,0.9,6.0,3300.0,1700000.0,35000.0,9200000.0
LAKE,KARNATAKA,24.0,25.0,1.5,7.0,6.5,8.3,552.0,1027.0,4.0,35.0,1.4,10.0,3300.0,15000.0,24000.0,160000.0
LAKE,KARNATAKA,25.0,25.0,4.9,7.1,6.9,8.2,415.0,783.0,3.0,9.0,0.3,5.0,3300.0,120000.0,24000.0,920000.0
LAKE,KARNATAKA,25.0,25.0,0.3,5.9,7.1,8.7,512.0,3860.0,4.0,50.0,2.09,11.0,3300.0,63000.0,24000.0,540000.0
LAKE,KARNATAKA,20.0,34.0,4.3,6.6,6.9,8.9,583.0,1028.0,3.0,6.0,1.8,3.6,700.0,2200.0,4700.0,7000.0
LAKE,KARNATAKA,25.0,25.0,0.3,5.2,6.5,7.2,886.0,1374.0,5.0,47.0,0.3,5.9,4800.0,790000.0,35000.0,5400000.0
LAKE,KARNATAKA,25.0,25.0,1.1,7.0,6.5,7.6,562.0,1367.0,4.0,36.0,0.5,6.0,4300.0,130000.0,35000.0,1600000.0
LAKE,KARNATAKA,25.0,25.0,2.8,6.9,6.6,7.6,216.0,1323.0,3.4,21.0,0.5,3.4,2300.0,140000.0,24000.0,920000.0
LAKE,KARNATAKA,25.0,25.1,4.2,7.2,7.0,7.7,239.0,532.0,2.0,6.0,0.6,2.1,2300.0,110000.0,24000.0,920000.0
LAKE,KARNATAKA,25.0,25.0,4.2,6.8,6.5,8.5,444.0,1320.0,3.0,9.0,0.5,3.0,2300.0,120000.0,24000.0,1600000.0
LAKE,KARNATAKA,25.0,25.0,0.3,4.8,6.7,8.1,1109.0,1593.0,7.0,81.0,0.4,3.0,9400.0,13000.0,54000.0,160000.0
LAKE,KARNATAKA,25.0,25.0,2.0,6.3,6.5,7.7,369.0,1561.0,3.0,15.0,0.58,25.0,3400.0,630000.0,24000.0,5400000.0
LAKE,KARNATAKA,25.0,25.0,1.8,7.0,6.6,8.8,254.0,551.0,3.0,42.0,0.3,2.01,4000.0,700000.0,24000.0,3500000.0
LAKE,KARNATAKA,25.0,25.0,2.0,6.8,6.8,8.5,253.0,570.0,3.0,38.0,0.67,2.0,2300.0,490000.0,24000.0,2400000.0
LAKE,KARNATAKA,25.0,26.0,0.3,4.8,6.5,7.7,798.0,1347.0,6.0,60.0,1.0,19.0,11000.0,1500000000.0,160000.0,1600000000.0
LAKE,KARNATAKA,24.0,25.0,0.3,6.9,6.6,8.4,496.0,889.0,4.0,62.0,0.3,13.4,3300.0,150000.0,24000.0,1600000.0
LAKE,KARNATAKA,25.0,25.0,4.1,7.1,6.5,8.2,201.0,334.0,3.0,18.0,0.6,2.4,4600.0,46000.0,24000.0,920000.0
LAKE,KARNATAKA,21.0,33.0,1.0,3.9,7.0,8.5,742.0,1252.0,1.4,14.0,2.5,7.5,1300.0,4900.0,7900.0,14000.0
TANK,KARNATAKA,23.0,32.0,3.1,7.2,8.0,8.3,654.0,1980.0,4.0,132.0,0.3,1.4,41.0,321.0,280.0,920.0
TANK,KARNATAKA,25.0,25.0,4.0,6.4,6.5,8.4,421.0,1223.0,4.0,8.5,0.9,5.0,6300.0,11000000.0,54000.0,92000000.0
TANK,KARNATAKA,25.0,25.0,4.2,6.9,6.5,7.3,89.0,678.0,3.0,16.0,0.3,2.0,3300.0,49000.0,35000.0,240000.0
TANK,KARNATAKA,25.0,25.0,0.3,7.3,6.6,8.0,414.0,3020.0,2.0,69.0,0.72,11.1,3300.0,15000.0,24000.0,160000.0
TANK,KARNATAKA,21.0,33.0,0.3,8.0,6.6,9.5,293.0,584.0,3.7,57.0,0.32,5.46,1480.0,1840.0,3200.0,3200.0
TANK,KARNATAKA,25.0,25.0,4.0,7.0,6.5,8.1,173.0,493.0,3.0,8.0,0.3,1.53,4100.0,46000.0,24000.0,540000.0
TANK,KARNATAKA,21.0,27.0,3.0,4.3,7.3,7.9,980.0,1930.0,3.8,6.4,0.7,1.3,130.0,930.0,1100.0,4900.0
TANK,KARNATAKA,21.0,27.0,5.4,6.7,7.4,7.9,290.0,450.0,2.0,2.4,0.3,0.3,110.0,140.0,920.0,1200.0
TANK,KARNATAKA,25.0,25.0,3.0,6.9,6.5,7.6,196.0,1268.0,5.0,18.0,0.4,3.23,6300.0,33000.0,54000.0,240000.0
TANK,KARNATAKA,25.0,25.0,5.9,5.9,7.7,7.7,500.0,500.0,2.0,2.0,0.3,0.3,330.0,330.0,2200.0,2200.0
TANK,KARNATAKA,25.0,25.0,0.5,7.0,6.6,7.9,304.0,1079.0,3.0,24.0,0.73,2.7,3300.0,70000.0,24000.0,1600000.0
TANK,KARNATAKA,25.0,25.0,4.1,6.5,6.4,7.5,426.0,1444.0,3.0,10.0,0.7,8.0,2700.0,110000.0,24000.0,920000.0
TANK,KARNATAKA,26.0,32.0,0.5,7.3,7.1,7.8,260.0,890.0,3.0,12.0,0.3,6.87,41.0,321.0,280.0,920.0
TANK,KARNATAKA,25.0,25.0,1.0,6.2,6.7,7.4,740.0,1870.0,4.0,46.0,2.0,78.0,3300.0,110000.0,35000.0,920000.0
TANK,KARNATAKA,25.0,25.0,2.2,6.1,6.8,7.7,821.0,1413.0,4.0,27.0,0.81,6.1,3300.0,120000.0,24000.0,920000.0
TANK,KARNATAKA,25.0,25.1,3.2,6.2,6.5,7.7,274.0,1223.0,3.0,14.0,0.94,4.3,4800.0,150000.0,35000.0,1600000.0
TANK,KARNATAKA,25.0,25.0,0.3,5.0,6.7,7.4,1099.0,2309.0,6.0,42.0,1.0,27.0,2300.0,460000.0,24000.0,3500000.0
TANK,KARNATAKA,25.0,26.0,2.9,6.8,6.1,7.4,194.0,1120.0,2.0,14.0,0.51,2.5,3300.0,40000.0,13000.0,350000.0
TANK,KARNATAKA,25.0,25.0,3.0,7.3,6.5,7.6,271.0,2540.0,3.0,17.0,0.3,6.6,4700.0,94000.0,35000.0,920000.0
TANK,KARNATAKA,25.0,25.0,0.3,6.3,6.5,7.4,237.0,1145.0,3.8,39.0,0.7,5.2,2300.0,120000.0,24000.0,920000.0
TANK,KARNATAKA,25.0,26.0,4.8,7.2,6.5,7.3,155.0,406.0,3.0,6.0,0.3,1.0,2300.0,15000.0,24000.0,160000.0
TANK,KARNATAKA,25.0,25.0,3.3,6.1,6.5,7.8,574.0,2730.0,4.0,10.0,1.1,4.5,3300.0,49000.0,35000.0,240000.0
TANK,KARNATAKA,25.0,25.0,4.0,6.8,6.3,7.9,236.0,775.0,2.0,9.0,0.6,3.0,3300.0,14000.0,24000.0,160000.0
TANK,KARNATAKA,21.0,25.0,4.6,6.0,7.6,8.3,460.0,1180.0,2.0,3.2,0.3,0.4,140.0,320.0,1100.0,2100.0
TANK,KARNATAKA,20.0,28.0,5.6,7.3,7.4,7.9,330.0,470.0,2.0,2.2,0.3,0.3,92.0,220.0,920.0,1400.0
TANK,KARNATAKA,22.0,27.0,4.2,5.7,7.5,7.8,390.0,500.0,2.2,2.6,0.3,0.3,210.0,340.0,1700.0,2200.0
TANK,KARNATAKA,24.0,26.0,4.5,5.5,7.4,7.9,739.0,889.0,9.0,24.0,1.22,1.67,63.0,175.0,279.0,561.0
TANK,KARNATAKA,25.0,25.0,0.3,6.3,6.2,7.4,321.0,1566.0,4.0,30.0,0.3,6.3,3400.0,46000.0,24000.0,350000.0
TANK,KARNATAKA,25.0,25.0,4.8,6.6,5.4,8.1,123.0,702.0,2.0,7.0,0.3,2.4,4600.0,6300000.0,35000.0,54000000.0
TANK,KARNATAKA,24.0,29.0,6.9,7.5,7.4,8.4,312.0,1485.0,2.5,6.0,0.3,1.3,350.0,1400.0,1600.0,5400.0
TANK,KARNATAKA,21.0,27.0,5.3,7.1,7.3,7.8,440.0,530.0,2.0,2.6,0.3,0.3,170.0,700.0,1200.0,3500.0
TANK,KARNATAKA,24.0,29.0,7.0,7.6,7.5,8.4,326.0,1458.0,3.0,6.0,0.3,0.3,350.0,1300.0,1600.0,5400.0
TANK,KARNATAKA,23.0,24.0,4.6,6.0,7.3,7.8,320.0,440.0,2.0,2.2,0.3,0.32,200.0,330.0,1700.0,2200.0
TANK,KARNATAKA,23.0,25.0,4.8,6.9,6.5,7.3,394.0,1543.0,2.0,20.0,1.0,4.0,2700.0,70000.0,24000.0,920000.0
TANK,KARNATAKA,21.0,27.0,4.2,5.8,7.7,8.1,390.0,650.0,2.1,3.0,0.3,0.3,210.0,470.0,1400.0,3500.0
TANK,KARNATAKA,21.0,32.0,4.0,9.0,8.4,10.3,1180.0,3819.0,1.1,16.2,0.4,6.53,920.0,1840.0,1600.0,3200.0
TANK,KARNATAKA,25.0,25.0,1.8,6.3,6.5,8.4,393.0,1201.0,4.0,25.0,0.4,5.3,3300.0,2800000.0,24000.0,16000000.0
TANK,KARNATAKA,25.0,25.0,0.3,4.1,6.7,7.3,1237.0,2135.0,9.0,101.0,1.8,16.0,2100.0,12000000.0,24000.0,92000000.0
TANK,KARNATAKA,21.0,27.0,2.4,5.0,7.3,8.1,990.0,4300.0,3.4,6.8,0.5,1.9,110.0,700.0,920.0,4700.0
TANK,KARNATAKA,19.0,26.0,6.0,7.4,7.4,8.6,496.0,764.0,2.5,6.0,1.5,3.2,700.0,1100.0,4300.0,5800.0
TANK,KARNATAKA,23.0,26.0,6.7,7.4,7.5,8.2,447.0,592.0,3.2,4.1,0.62,0.88,32.0,79.0,212.0,290.0
TANK,KARNATAKA,25.0,25.0,1.3,7.6,6.5,7.7,289.0,1389.0,3.0,40.0,0.59,6.3,3300.0,940000.0,24000.0,5400000.0
TANK,KARNATAKA,25.0,25.0,3.1,7.2,6.5,8.3,407.0,1332.0,3.0,13.0,0.4,4.4,3300.0,6300000.0,35000.0,160000000.0
TANK,KARNATAKA,22.0,27.0,3.6,6.9,7.7,8.8,500.0,2900.0,2.6,7.2,0.3,1.3,140.0,400.0,1100.0,2800.0
TANK,KARNATAKA,26.0,28.0,5.8,7.4,7.6,8.2,220.0,370.0,2.2,6.5,0.3,0.3,41.0,321.0,280.0,920.0
TANK,KARNATAKA,21.0,27.0,5.7,7.3,7.3,7.8,450.0,540.0,1.8,2.3,0.3,0.3,93.0,220.0,920.0,1400.0
TANK,KARNATAKA,27.0,27.0,6.9,6.9,8.0,8.0,330.0,330.0,2.3,2.3,1.1,1.1,41.0,321.0,280.0,920.0
TANK,KARNATAKA,25.0,25.0,2.6,6.9,6.6,8.1,397.0,509.0,3.0,28.0,0.61,3.0,3100.0,49000.0,24000.0,540000.0
TANK,KARNATAKA,21.0,27.0,5.0,7.0,7.5,7.9,370.0,620.0,2.0,3.0,0.3,0.3,94.0,270.0,920.0,1700.0
TANK,KARNATAKA,25.0,25.0,3.4,6.6,6.2,7.6,213.0,1240.0,2.0,13.0,0.56,3.8,2300.0,460000.0,24000.0,3500000.0
TANK,KARNATAKA,25.0,25.0,3.4,6.3,6.5,6.8,64.0,398.0,3.0,18.0,0.3,2.1,4900.0,11000000.0,24000.0,92000000.0
TANK,KARNATAKA,25.0,25.0,4.2,7.1,6.7,8.4,286.0,1402.0,3.0,10.0,1.03,4.3,2300.0,170000.0,24000.0,1600000.0
TANK,KARNATAKA,21.0,27.0,1.9,3.0,7.3,8.0,740.0,1400.0,3.8,5.8,0.7,1.2,930.0,2600.0,7000.0,13000.0
TANK,KARNATAKA,25.0,25.0,0.3,5.8,6.3,7.6,375.0,1898.0,4.0,38.0,1.6,7.8,4900.0,1100000.0,24000.0,9200000.0
TANK,KARNATAKA,26.0,29.0,6.5,7.2,7.8,8.8,922.0,2385.0,6.0,18.0,0.3,2.27,7900.0,54000.0,35000.0,160000.0
TANK,KARNATAKA,25.0,25.0,3.3,7.0,6.6,8.3,643.0,1100.0,4.0,10.0,0.3,14.04,3300.0,33000.0,24000.0,350000.0
TANK,KARNATAKA,25.0,25.0,0.3,6.5,6.5,7.4,183.0,1733.0,8.0,174.0,0.8,45.0,4600.0,63000.0,35000.0,540000.0
TANK,KARNATAKA,24.0,29.5,4.2,8.4,7.2,8.4,770.0,920.0,5.0,34.0,0.3,3.0,41.0,321.0,280.0,920.0
TANK,KARNATAKA,26.0,29.0,6.5,7.2,7.5,9.3,962.0,2156.0,7.0,30.0,0.3,0.36,14000.0,54000.0,54000.0,160000.0
TANK,KARNATAKA,25.0,25.0,1.1,6.4,6.6,8.0,704.0,1397.0,3.0,53.0,1.0,6.3,4600.0,110000.0,35000.0,920000.0
TANK,KARNATAKA,25.0,25.0,4.8,7.3,6.5,7.2,151.0,599.0,3.0,4.0,0.52,2.0,630.0,17000.0,5400.0,160000.0
TANK,KARNATAKA,25.0,25.0,1.0,7.1,6.5,8.0,308.0,773.0,3.0,35.0,0.5,3.0,4000.0,79000000.0,24000.0,540000000.0
TANK,KARNATAKA,25.0,25.1,0.3,6.0,6.1,8.0,211.0,1231.0,3.6,195.0,0.5,2.99,3300.0,700000.0,24000.0,3500000.0
TANK,KARNATAKA,24.0,25.0,7.3,7.6,7.5,8.2,326.0,438.0,1.0,2.5,0.32,0.92,2.0,14.0,10.0,32.0
TANK,KARNATAKA,23.0,25.0,6.5,6.9,7.3,8.1,620.0,850.0,3.2,3.8,0.72,1.92,19.0,52.0,76.0,148.0
TANK,KARNATAKA,22.0,27.0,5.2,6.4,7.4,7.8,380.0,520.0,1.8,2.5,0.3,0.3,94.0,400.0,920.0,3300.0
TANK,KARNATAKA,28.0,30.0,4.9,7.9,6.5,7.2,128.0,224.0,2.0,3.0,2.1,7.0,23.0,1600.0,23.0,1600.0
TANK,KARNATAKA,25.0,25.0,2.8,6.9,7.2,8.4,896.0,1365.0,5.0,20.0,2.0,4.0,1200.0,94000.0,35000.0,1600000.0
TANK,KARNATAKA,25.0,25.0,1.6,6.5,6.2,7.2,230.0,1366.0,2.0,47.0,0.56,3.51,3300.0,150000.0,24000.0,1600000.0
TANK,KARNATAKA,25.0,25.0,0.3,5.8,6.7,7.9,1035.0,1563.0,5.0,20.0,1.15,24.0,7900.0,94000.0,54000.0,540000.0
TANK,KARNATAKA,23.0,28.0,7.1,7.4,6.8,7.3,163.0,251.0,2.2,2.7,0.3,0.79,2.0,8.0,19.0,31.0
TANK,KARNATAKA,22.0,27.0,4.1,6.4,7.4,7.9,450.0,700.0,2.0,2.6,0.3,0.3,170.0,460.0,1100.0,3500.0
TANK,KARNATAKA,25.0,25.0,4.9,6.8,6.5,7.6,267.0,815.0,3.0,8.0,0.56,3.0,490.0,3300000.0,2400.0,24000000.0
TANK,KARNATAKA,22.0,28.0,4.5,6.2,7.6,8.1,780.0,1280.0,3.0,4.0,0.5,1.5,220.0,610.0,1600.0,4000.0
TANK,KARNATAKA,22.0,28.0,5.4,6.5,7.5,7.9,370.0,470.0,1.8,2.4,0.3,0.3,140.0,340.0,1100.0,2400.0
TANK,KARNATAKA,25.0,28.0,6.0,7.3,7.7,8.3,104.0,330.0,2.0,3.0,0.3,0.47,41.0,321.0,280.0,920.0
TANK,KARNATAKA,26.0,30.0,6.0,8.2,7.5,8.4,1035.0,1670.0,3.0,6.0,0.3,1.8,630.0,1400.0,2200.0,5400.0
TANK,KARNATAKA,25.0,25.0,0.3,5.8,6.5,7.6,762.0,4110.0,5.0,83.0,2.0,9.19,4000.0,9400000.0,35000.0,54000000.0
TANK,KARNATAKA,23.0,25.0,5.8,6.8,7.1,7.9,732.0,1340.0,3.3,4.5,1.02,1.32,13.0,58.0,70.0,196.0
TANK,KARNATAKA,21.0,27.0,4.3,5.9,7.3,7.8,690.0,1150.0,2.9,3.8,0.3,0.9,340.0,490.0,2200.0,3500.0
TANK,KARNATAKA,25.0,25.0,0.3,4.8,6.5,7.6,969.0,2005.0,5.0,50.0,0.8,11.5,4600.0,940000.0,35000.0,5400000.0
TANK,KARNATAKA,23.0,26.0,6.9,7.3,7.7,8.2,581.0,790.0,3.4,3.9,0.52,0.79,41.0,136.0,221.0,394.0
TANK,KARNATAKA,25.0,26.0,6.9,7.3,7.7,8.3,876.0,1008.0,3.3,3.9,1.02,1.12,21.0,63.0,120.0,185.0
TANK,KARNATAKA,25.0,25.0,0.3,7.1,6.7,9.3,192.0,450.0,4.0,48.0,0.52,2.08,2700.0,94000.0,24000.0,540000.0
TANK,KARNATAKA,25.0,25.0,0.3,6.5,6.5,8.1,309.0,5860.0,3.0,124.0,0.8,9.0,4600.0,94000.0,24000.0,540000.0
TANK,KARNATAKA,24.0,25.0,1.9,6.2,6.5,7.2,667.0,1330.0,2.0,81.0,0.8,12.0,2300.0,110000.0,24000.0,920000.0
TANK,KARNATAKA,25.0,32.0,6.2,7.7,7.2,8.3,92.0,290.0,2.0,2.2,0.3,0.5,41.0,321.0,280.0,920.0
TANK,KARNATAKA,25.0,25.0,4.0,6.9,6.5,8.5,512.0,1120.0,4.0,14.0,1.2,3.7,140.0,94000.0,24000.0,1600000.0
TANK,KARNATAKA,25.0,25.0,3.1,5.6,6.6,7.6,887.0,1791.0,5.0,14.0,0.7,8.12,3300.0,170000.0,24000.0,920000.0
LAKE,KERALA,29.0,30.0,5.4,7.8,6.9,7.5,148.0,1168.0,1.0,4.0,0.3,0.8,2.0,1400.0,2.0,2200.0
LAKE,KERALA,22.0,24.0,5.1,6.1,6.3,7.4,15000.0,18410.0,1.0,3.5,0.3,2.7,100.0,150.0,350.0,610.0
LAKE,KERALA,29.0,30.0,3.1,5.6,6.9,8.0,1285.0,7651.0,1.4,5.9,0.3,0.3,200.0,1700.0,400.0,3500.0
LAKE,KERALA,26.0,31.0,5.7,8.0,6.5,8.7,100.0,33520.0,1.0,2.4,0.3,2.4,100.0,2000.0,630.0,6300.0
LAKE,KERALA,28.0,29.0,6.1,7.9,6.6,7.4,131.0,1314.0,1.0,3.8,0.3,0.3,2.0,1400.0,2.0,4100.0
LAKE,KERALA,26.0,27.0,1.6,3.2,6.4,7.8,173.0,240.0,1.0,7.2,0.3,0.3,920.0,1700.0,2100.0,3100.0
LAKE,KERALA,20.0,23.0,5.1,6.9,6.2,7.6,12140.0,16130.0,1.0,2.3,0.3,1.8,94.0,140.0,380.0,490.0
LAKE,KERALA,24.0,30.0,6.7,8.0,6.6,7.8,47.0,73.0,1.0,1.2,0.3,0.3,20.0,80.0,100.0,620.0
LAKE,KERALA,24.0,26.0,6.5,7.8,6.7,7.6,36.0,44.0,1.0,1.0,0.3,0.3,2.0,2.0,2.0,100.0
LAKE,KERALA,25.0,29.0,6.9,8.2,6.5,7.0,24.0,29.0,1.0,1.5,0.3,0.3,2.0,27.0,14.0,79.0
LAKE,KERALA,24.0,29.0,6.9,8.2,6.2,8.1,23.0,56.0,1.0,1.3,0.3,0.7,47.0,3500.0,84.0,5400.0
LAKE,KERALA,25.0,29.0,6.9,8.2,6.4,7.7,21.0,48.0,1.0,1.0,0.3,0.3,2.0,120.0,12.0,400.0
LAKE,KERALA,22.0,31.0,6.1,7.8,6.8,7.8,77.0,138.0,1.0,3.4,0.3,3.6,2.0,700.0,100.0,1200.0
LAKE,KERALA,21.0,25.0,6.5,7.5,6.4,7.8,162.0,185.0,1.0,2.0,0.3,0.7,70.0,110.0,240.0,410.0
LAKE,KERALA,26.0,27.0,5.2,7.1,5.7,6.9,105.0,165.0,1.7,3.8,0.3,0.3,200.0,700.0,700.0,1700.0
LAKE,KERALA,27.0,31.0,3.4,7.8,6.3,7.9,200.0,42380.0,1.0,3.6,0.3,2.7,630.0,32000.0,1500.0,200000.0
POND,KERALA,23.0,32.0,6.5,8.2,6.7,8.0,43.0,190.0,1.0,2.1,0.3,0.72,20.0,810.0,40.0,1300.0
POND,KERALA,26.0,27.0,2.5,6.7,7.0,7.9,248.0,282.0,3.7,7.8,0.3,0.3,1000.0,2200.0,3100.0,7000.0
POND,LAKSHADWEEP,27.9,31.3,4.2,6.8,7.1,9.2,229.0,515.0,2.2,5.0,0.32,0.32,2.0,2.0,2.0,2.0
POND,LAKSHADWEEP,28.0,30.0,9.0,9.0,7.1,9.5,300.0,900.0,1.0,1.0,0.32,0.32,5.0,5.0,1600.0,1600.0
POND,LAKSHADWEEP,28.1,31.1,4.2,6.8,6.4,7.6,658.0,824.0,2.2,5.0,0.6,2.9,41.0,321.0,280.0,920.0
LAKE,MADHYAPRADESH,19.0,24.3,6.8,7.9,7.4,8.8,326.0,512.0,1.0,2.0,0.54,4.42,2.0,2.0,43.0,63.0
LAKE,MADHYAPRADESH,20.0,24.0,7.0,7.8,7.1,8.4,325.0,573.0,1.0,1.3,0.02,1.01,2.0,2.0,40.0,58.0
LAKE,MADHYAPRADESH,17.0,28.2,5.8,7.3,7.1,8.2,280.0,764.0,2.7,6.0,0.3,0.77,2.0,110.0,43.0,920.0
LAKE,MADHYAPRADESH,19.2,32.9,6.7,7.9,7.0,8.1,204.0,288.0,1.0,1.6,0.35,1.18,2.0,2.0,33.0,47.0
LAKE,MADHYAPRADESH,20.0,32.0,6.0,8.6,6.8,8.1,215.0,524.0,1.4,8.4,0.33,9.17,2.0,180.0,49.0,24000.0
LAKE,MADHYAPRADESH,20.0,24.0,7.0,7.9,7.2,7.9,250.0,490.0,1.4,2.4,0.3,0.5,2.0,2.0,24.0,34.0
LAKE,MADHYAPRADESH,17.0,30.0,7.1,7.9,7.1,8.9,511.0,713.0,1.0,1.8,2.2,3.0,3.0,4.0,14.0,43.0
LAKE,MADHYAPRADESH,19.0,30.0,5.2,10.4,7.1,8.3,183.0,422.0,1.0,1.4,1.88,6.66,2.0,180.0,110.0,35000.0
LAKE,MADHYAPRADESH,16.6,27.0,7.1,8.3,7.2,8.1,238.0,411.0,1.0,1.9,0.13,0.4,2.0,4.0,8.0,48.0
LAKE,MADHYAPRADESH,22.0,30.0,4.3,7.1,7.2,8.5,243.0,702.0,1.0,2.9,0.05,0.47,2.0,2.0,4.0,38.0
LAKE,MADHYA PRADESH,19.0,33.0,4.7,8.3,7.2,8.0,226.0,509.0,1.2,8.0,3.8,15.23,2.0,920.0,150.0,120000.0
LAKE,MADHYA PRADESH,20.0,27.0,5.2,7.8,7.6,8.1,278.0,800.0,1.7,3.2,0.6,0.98,2.0,8.0,32.0,110.0
LAKE,MADHYA PRADESH,17.0,32.0,7.0,8.0,7.3,8.2,611.0,813.0,1.2,1.8,2.2,2.9,3.0,7.0,15.0,75.0
LAKE,MADHYAPRADESH,19.0,23.8,6.2,7.7,6.1,8.5,260.0,371.0,1.0,1.8,0.62,4.08,2.0,2.0,36.0,63.0
LAKE,MADHYAPRADESH,20.0,33.0,2.0,10.2,6.8,8.6,445.0,738.0,4.8,12.0,3.35,21.39,14.0,2100.0,280.0,220000.0
LAKE,MADHYAPRADESH,20.0,23.0,6.7,7.8,7.4,8.2,344.0,796.0,1.0,1.4,0.68,1.22,2.0,2.0,34.0,63.0
LAKE,MADHYAPRADESH,17.0,27.7,6.0,7.7,7.1,7.8,368.0,690.0,2.6,5.0,0.3,0.6,2.0,350.0,46.0,1600.0
LAKE,MADHYA PRADESH,19.0,32.0,4.1,8.0,7.4,8.1,211.0,285.0,1.0,1.7,2.22,5.03,2.0,3500.0,240.0,92000.0
LAKE,MADHYA PRADESH,19.0,32.0,5.0,8.1,7.2,7.7,208.0,305.0,1.1,4.2,2.43,3.9,2.0,4700.0,150.0,43000.0
LAKE,MADHYA PRADESH,20.0,32.0,5.0,8.6,7.3,8.1,205.0,256.0,1.2,4.0,2.25,5.01,2.0,2600.0,110.0,92000.0
LAKE,MADHYA PRADESH,20.0,31.0,4.7,8.6,7.3,8.2,210.0,288.0,1.1,3.6,2.03,4.75,2.0,3500.0,140.0,54000.0
LAKE,MADHYA PRADESH,20.0,24.0,6.6,7.9,7.6,8.5,493.0,743.0,1.0,2.2,0.65,1.12,2.0,2.0,40.0,70.0
POND,MADHYA PRADESH,20.0,24.0,6.9,7.8,7.4,8.4,327.0,424.0,1.0,1.3,0.54,1.92,2.0,2.0,33.0,403.0
POND,MADHYA PRADESH,16.0,30.3,6.0,7.6,7.3,7.9,220.0,612.0,1.8,4.4,0.3,2.3,2.0,120.0,17.0,1600.0
POND,MADHYA PRADESH,17.3,27.6,5.7,7.6,7.3,8.7,180.0,671.0,2.4,8.0,0.3,0.73,2.0,150.0,14.0,1600.0
POND,MADHYAPRADESH,17.0,27.9,5.3,7.6,7.2,7.9,260.0,636.0,2.3,4.0,0.3,0.73,2.0,70.0,41.0,1600.0
POND,MADHYA PRADESH,22.0,29.0,6.8,7.9,7.2,8.5,339.0,440.0,1.6,2.9,0.32,1.0,2.0,6.0,47.0,110.0
POND,MADHYA PRADESH,16.2,31.0,6.2,7.8,7.2,7.9,262.0,687.0,1.1,5.2,0.21,0.3,2.0,110.0,17.0,920.0
POND,MADHYA PRADESH,19.0,24.0,6.5,7.6,7.4,8.7,440.0,621.0,1.2,2.2,0.81,3.09,2.0,2.0,63.0,140.0
POND,MADHYAPRADESH,11.4,25.0,6.8,7.5,7.2,7.9,210.0,592.0,1.7,2.1,0.61,1.02,2.0,4.0,48.0,49.0
POND,MADHYAPRADESH,19.0,30.0,5.8,7.5,7.5,8.5,288.0,415.0,1.0,1.9,0.48,0.9,2.0,2.0,33.0,48.0
POND,MADHYAPRADESH,17.0,26.0,5.2,8.3,7.2,8.2,265.0,780.0,2.8,8.0,0.12,4.6,2.0,280.0,63.0,1600.0
POND,MADHYAPRADESH,15.0,36.0,6.5,7.6,7.1,7.5,203.0,530.0,1.4,1.8,0.32,3.17,41.0,321.0,280.0,920.0
POND,MADHYAPRADESH,20.0,23.0,0.3,7.8,7.54,8.2,5.0,529.0,1.0,1.2,0.61,1.0,2.0,2.0,33.0,49.0
TANK,MADHYAPRADESH,16.6,27.4,7.0,7.9,7.2,7.9,210.0,358.0,1.0,1.8,0.21,0.4,2.0,4.0,7.0,46.0
LAKE,MANIPUR,18.0,28.0,6.6,7.6,6.4,7.5,180.0,205.0,2.7,3.5,0.6,2.9,25.0,65.0,70.0,120.0
LAKE,MANIPUR,19.0,28.0,6.8,7.3,6.9,7.5,150.0,240.0,3.0,3.7,0.6,2.9,10.0,20.0,15.0,60.0
LAKE,MANIPUR,19.0,28.0,6.5,7.6,6.8,7.5,130.0,210.0,2.9,3.6,0.6,2.9,10.0,75.0,60.0,105.0
LAKE,MANIPUR,18.7,28.0,6.8,7.4,6.9,7.7,150.0,215.0,3.1,3.6,0.6,2.9,10.0,45.0,50.0,95.0
LAKE,MANIPUR,20.0,28.0,6.9,7.6,7.0,7.4,130.0,286.0,3.2,3.6,0.6,2.9,5.0,25.0,30.0,60.0
POND,MANIPUR,19.0,28.0,5.8,6.9,7.0,7.6,110.0,430.0,3.3,3.9,0.3,0.3,30.0,60.0,75.0,175.0
POND,MANIPUR,20.0,28.0,6.2,7.5,7.0,7.5,80.0,450.0,3.2,3.9,0.6,2.9,35.0,70.0,70.0,120.0
POND,MANIPUR,21.0,28.0,6.7,7.4,7.2,7.5,80.0,350.0,3.1,3.6,0.6,2.9,2.0,20.0,25.0,50.0
POND,MANIPUR,21.0,28.0,6.5,7.5,7.1,7.5,90.0,300.0,3.2,3.7,0.6,2.9,2.0,40.0,35.0,70.0
POND,MANIPUR,18.0,27.0,6.5,7.4,7.2,7.6,90.0,340.0,3.0,3.7,0.6,2.9,5.0,15.0,20.0,65.0
POND,MANIPUR,21.0,28.0,5.4,6.8,6.9,7.7,150.0,350.0,3.3,4.4,0.6,2.9,40.0,70.0,105.0,185.0
POND,MANIPUR,21.0,28.0,5.5,7.1,7.0,7.7,150.0,660.0,3.4,4.1,0.6,2.9,35.0,65.0,85.0,170.0
POND,MANIPUR,21.0,28.0,5.3,7.0,6.9,7.6,280.0,610.0,3.4,4.6,0.6,2.9,60.0,95.0,215.0,310.0
POND,MANIPUR,20.0,27.0,6.4,7.1,6.8,7.4,90.0,320.0,3.2,3.7,0.6,2.9,20.0,40.0,50.0,110.0
POND,MANIPUR,20.0,28.0,6.0,7.8,6.9,7.5,120.0,230.0,3.0,3.9,0.6,2.9,10.0,50.0,35.0,160.0
POND,MANIPUR,20.0,28.0,6.2,7.8,7.0,7.6,80.0,175.0,2.9,3.6,0.6,2.9,2.0,15.0,15.0,50.0
POND,MANIPUR,21.0,27.0,6.6,7.8,7.3,7.6,80.0,190.0,2.8,3.7,0.6,2.9,10.0,62.0,20.0,75.0
POND,MANIPUR,21.0,28.0,6.7,7.7,7.1,7.6,80.0,350.0,3.2,3.6,0.6,2.9,10.0,30.0,30.0,95.0
LAKE,MEGHALAYA,17.1,29.0,6.5,7.0,6.9,7.3,61.0,78.0,1.5,2.2,0.42,0.56,110.0,170.0,450.0,540.0
LAKE,MEGHALAYA,12.0,21.0,6.8,7.6,6.9,7.3,37.0,70.0,1.4,1.9,0.32,0.52,10.0,17.0,130.0,170.0
LAKE,MEGHALAYA,15.0,23.1,5.7,6.8,7.0,7.8,74.0,117.0,5.2,7.8,0.32,1.12,380.0,420.0,1100.0,1700.0
LAKE,MEGHALAYA,15.0,23.0,5.5,6.8,7.1,7.8,73.0,105.0,4.8,7.5,0.35,1.02,310.0,410.0,830.0,1300.0
LAKE,MEGHALAYA,14.0,23.1,4.5,5.9,7.2,7.9,77.0,250.0,6.0,9.0,0.32,1.22,350.0,520.0,920.0,2100.0
LAKE,MEGHALAYA,15.0,23.2,5.6,6.6,6.8,7.8,69.0,130.0,5.3,7.0,0.32,0.66,340.0,460.0,940.0,1700.0
LAKE,MEGHALAYA,14.0,26.0,6.0,7.8,7.0,7.8,110.0,145.0,2.1,3.6,0.32,0.79,70.0,120.0,350.0,490.0
LAKE,MIZORAM,13.0,22.0,6.7,12.7,6.4,7.6,58.0,283.0,1.0,2.2,0.02,0.03,41.0,321.0,280.0,920.0
POND,MIZORAM,16.0,29.0,4.1,9.5,6.6,7.8,234.0,422.0,1.2,3.2,0.03,0.12,41.0,321.0,280.0,920.0
POND,MIZORAM,20.0,30.0,5.0,8.9,7.1,7.7,195.0,347.0,1.2,2.9,0.02,0.06,41.0,321.0,280.0,920.0
TANK,MIZORAM,17.0,22.0,6.8,9.2,6.7,7.8,34.0,379.0,1.0,2.6,0.02,0.03,41.0,321.0,280.0,920.0
LAKE,NAGALAND,19.0,34.3,3.2,6.2,6.5,8.0,88.0,550.0,1.5,2.6,0.3,1.7,41.0,321.0,280.0,920.0
LAKE,NAGALAND,19.0,41.0,1.4,6.8,2.0,7.8,72.0,250.0,1.3,2.8,0.6,1.6,41.0,321.0,280.0,920.0
LAKE,ODISHA,19.0,35.0,5.2,7.5,6.6,8.0,111.0,184.0,1.2,2.6,0.32,0.62,700.0,4900.0,2400.0,17000.0
LAKE,ODISHA,20.0,33.0,4.0,7.7,6.5,8.2,96.0,223.0,1.1,2.2,0.32,1.15,130.0,2300.0,790.0,9200.0
LAKE,ODISHA,20.0,34.0,6.2,7.8,6.5,8.5,102.0,181.0,1.1,1.9,0.32,1.02,130.0,3500.0,490.0,16000.0
LAKE,ODISHA,20.0,32.0,5.8,7.8,6.9,8.4,117.0,259.0,1.1,2.3,0.32,1.22,220.0,1700.0,1300.0,4700.0
LAKE,ODISHA,14.0,32.0,5.6,11.0,6.9,8.5,106.0,40520.0,1.3,2.7,0.32,1.66,2.0,2300.0,2.0,4900.0
LAKE,ODISHA,20.0,32.0,5.8,9.6,6.9,8.4,2930.0,42780.0,1.2,1.9,0.35,1.59,2.0,1700.0,20.0,3500.0
LAKE,ODISHA,13.0,30.0,3.0,11.5,7.9,8.5,147.0,945.0,1.9,6.0,0.32,2.12,110.0,1700.0,460.0,3500.0
POND,ODISHA,22.0,33.0,4.1,9.1,6.5,8.0,236.0,420.0,1.1,2.8,0.32,1.52,2.0,24000.0,170.0,54000.0
POND,ODISHA,25.0,34.0,2.0,11.9,7.6,9.4,283.0,561.0,3.8,5.7,0.32,1.72,20.0,35000.0,45.0,54000.0
POND,ODISHA,12.0,29.0,5.7,6.4,7.1,7.6,216.0,402.0,1.4,2.7,0.32,1.84,140.0,160000.0,490.0,160000.0
POND,ODISHA,25.0,34.0,3.2,12.5,7.4,9.4,380.0,688.0,3.4,8.3,0.35,8.62,45.0,13000.0,45.0,24000.0
POND,ODISHA,25.0,34.0,4.2,15.7,7.7,9.5,356.0,961.0,3.6,8.2,0.32,2.92,130.0,1300.0,490.0,9200.0
POND,ODISHA,25.0,35.0,2.1,11.1,6.9,9.3,332.0,599.0,3.3,12.0,0.32,3.46,45.0,2400.0,130.0,5400.0
POND,ODISHA,22.0,26.0,2.8,12.6,7.3,8.4,392.0,1334.0,3.4,9.5,0.32,11.52,130.0,1300.0,490.0,2800.0
POND,ODISHA,23.0,35.0,3.3,15.6,7.5,9.3,298.0,745.0,3.6,8.0,0.32,13.34,45.0,2400.0,170.0,4300.0
LAKE,PUDUCHERRY,28.0,33.0,5.2,5.6,7.1,7.5,198.0,375.0,1.0,2.5,0.32,1.22,2.0,23.0,350.0,1600.0
LAKE,PUDUCHERRY,29.0,33.0,6.7,14.1,7.6,9.1,570.0,1682.0,2.8,30.0,0.32,4.3,110.0,500.0,900.0,1600.0
LAKE,PUDUCHERRY,28.0,32.0,5.1,9.3,6.3,8.0,197.0,283.0,1.0,2.3,0.32,0.82,2.0,110.0,2.0,1600.0
LAKE,PUNJAB,15.0,29.0,6.7,9.0,7.6,8.1,207.0,295.0,1.0,2.7,0.6,2.9,320.0,1300.0,910.0,3300.0
LAKE,PUNJAB,15.0,29.0,5.9,9.4,7.5,8.1,188.0,340.0,1.0,3.8,0.6,5.6,110.0,1700.0,490.0,4100.0
LAKE,PUNJAB,7.0,37.0,7.0,8.2,7.5,8.3,135.0,234.0,1.0,1.0,0.3,0.7,20.0,40.0,79.0,140.0
LAKE,RAJASTHAN,23.0,28.0,5.9,7.3,7.8,8.7,590.0,867.0,1.9,2.8,1.84,6.42,39.0,93.0,75.0,210.0
LAKE,RAJASTHAN,24.0,29.0,4.4,5.2,7.9,8.9,730.0,11113.0,1.8,4.1,3.09,8.22,150.0,460.0,460.0,1100.0
LAKE,RAJASTHAN,20.0,28.0,4.9,5.8,7.6,8.5,480.0,1283.0,1.1,3.3,1.84,6.22,240.0,460.0,460.0,1100.0
LAKE,RAJASTHAN,29.0,29.0,4.0,4.4,7.2,7.2,110.0,279.0,1.0,1.4,0.74,1.26,23.0,93.0,64.0,150.0
LAKE,RAJASTHAN,23.0,28.0,7.1,7.8,8.3,9.0,530.0,777.0,1.2,2.1,1.66,3.54,23.0,75.0,75.0,150.0
LAKE,RAJASTHAN,24.0,28.0,7.2,7.8,8.4,8.9,520.0,665.0,1.3,2.4,1.42,3.37,39.0,75.0,64.0,150.0
LAKE,RAJASTHAN,18.0,30.0,0.5,4.4,8.5,9.2,1210.0,2670.0,3.2,5.9,2.5,10.32,93.0,460.0,210.0,1100.0
LAKE,RAJASTHAN,19.0,33.0,3.7,4.4,7.4,8.6,270.0,435.0,2.3,3.2,1.56,4.08,150.0,240.0,460.0,460.0
LAKE,RAJASTHAN,21.0,26.0,6.9,9.0,7.3,8.5,270.0,408.0,1.0,2.1,0.64,2.61,23.0,93.0,64.0,150.0
LAKE,RAJASTHAN,18.0,32.0,2.1,6.6,7.7,8.6,460.0,1177.0,2.1,4.1,1.82,7.84,150.0,460.0,240.0,1100.0
LAKE,RAJASTHAN,14.0,25.5,4.4,6.7,7.6,8.3,230.0,420.0,1.3,3.4,1.37,3.84,64.0,150.0,120.0,210.0
LAKE,RAJASTHAN,20.0,28.0,3.3,7.2,7.6,8.9,460.0,1154.0,2.0,3.9,1.78,3.53,75.0,240.0,150.0,460.0
LAKE,RAJASTHAN,22.0,29.0,5.8,6.2,7.5,8.5,440.0,607.0,1.5,2.3,1.72,5.42,23.0,39.0,39.0,75.0
LAKE,RAJASTHAN,19.0,29.0,3.6,8.5,7.3,8.0,220.0,390.0,2.2,4.5,1.26,5.36,23.0,93.0,93.0,150.0
LAKE,RAJASTHAN,17.0,26.0,5.2,7.7,8.2,8.9,460.0,790.0,1.5,2.6,1.12,3.53,23.0,150.0,93.0,240.0
LAKE,RAJASTHAN,17.0,27.0,4.6,7.2,8.3,9.3,450.0,771.0,1.2,2.6,1.43,4.68,75.0,240.0,120.0,460.0
LAKE,RAJASTHAN,20.0,30.0,5.2,6.6,7.1,8.9,160.0,292.0,1.0,1.7,1.04,2.67,14.0,75.0,20.0,150.0
LAKE,RAJASTHAN,20.0,27.0,4.1,5.7,8.0,8.9,460.0,790.0,1.0,2.4,2.05,3.52,4.0,93.0,120.0,210.0
LAKE,RAJASTHAN,20.0,28.0,4.6,6.0,7.3,8.5,1170.0,1963.0,1.4,3.1,2.7,7.92,93.0,150.0,150.0,240.0
POND,RAJASTHAN,23.0,27.0,7.1,7.9,7.2,8.4,380.0,532.0,1.4,2.4,1.56,3.69,23.0,64.0,64.0,120.0
LAKE,TAMIL NADU,17.0,28.0,6.0,7.0,6.7,7.5,96.0,147.0,2.0,3.0,0.32,0.95,14.0,36.0,25.0,96.0
LAKE,TAMIL NADU,26.0,40.0,6.0,8.9,7.0,8.1,475.0,745.0,2.0,3.0,0.32,0.52,2.0,2.0,2.0,68.0
LAKE,TAMIL NADU,27.0,37.0,6.0,7.0,7.3,8.0,929.0,1410.0,2.0,4.0,0.32,0.62,2.0,78.0,4.0,230.0
LAKE,TAMIL NADU,25.0,36.0,5.0,6.9,6.9,8.2,8330.0,59400.0,2.0,4.0,0.32,1.5,2.0,45.0,4.0,230.0
LAKE,TAMIL NADU,25.0,33.0,5.1,7.1,6.6,8.0,432.0,660.0,2.0,4.0,0.32,0.62,2.0,20.0,2.0,200.0
LAKE,TAMIL NADU,17.0,31.0,5.7,7.2,6.1,7.1,339.0,492.0,1.0,4.5,0.32,0.33,38.0,120.0,120.0,330.0
LAKE,TAMIL NADU,23.0,30.0,6.0,6.4,6.8,7.9,349.0,684.0,1.0,3.0,0.32,0.82,23.0,46.0,58.0,120.0
LAKE,TAMIL NADU,20.0,30.0,5.3,7.0,6.0,7.8,242.0,371.0,1.0,2.2,0.32,0.33,31.0,120.0,110.0,260.0
TANK,TAMIL NADU,25.0,39.0,5.0,6.7,6.8,7.4,946.0,2032.0,2.0,4.0,0.32,1.18,2.0,20.0,2.0,110.0
LAKE,TELANGANA,20.0,24.0,0.3,4.4,6.6,8.4,659.0,1451.0,3.0,16.0,3.2,7.6,2.0,23.0,80.0,540.0
LAKE,TELANGANA,28.0,29.0,0.3,1.3,7.1,8.1,1145.0,1680.0,5.8,16.0,2.7,24.7,14.0,58.0,240.0,430.0
LAKE,TELANGANA,27.0,27.0,2.0,3.8,7.1,8.2,732.0,877.0,3.0,9.0,3.2,6.2,14.0,63.0,140.0,540.0
LAKE,TELANGANA,27.0,29.0,0.7,4.1,7.1,8.5,655.0,1457.0,3.4,12.0,0.7,38.0,9.0,36.0,140.0,430.0
LAKE,TELANGANA,28.0,32.0,0.3,0.3,7.0,7.9,995.0,1519.0,6.4,16.0,3.5,14.8,13.0,94.0,280.0,540.0
LAKE,TELANGANA,23.0,30.0,0.3,4.1,7.3,8.4,688.0,1191.0,2.6,6.8,3.6,14.2,7.0,39.0,170.0,540.0
LAKE,TELANGANA,20.0,28.0,0.3,0.3,6.7,7.9,783.0,1246.0,6.0,18.0,1.2,10.8,11.0,70.0,210.0,540.0
LAKE,TELANGANA,23.0,30.0,0.3,2.0,7.1,8.5,1042.0,1318.0,4.0,12.0,4.6,12.4,21.0,63.0,280.0,920.0
LAKE,TELANGANA,24.0,25.0,5.7,6.9,6.4,7.5,385.0,750.0,2.1,3.0,4.09,7.1,10.0,17.0,110.0,240.0
LAKE,TELANGANA,20.0,30.0,0.3,2.9,7.0,8.3,1024.0,1528.0,4.0,20.0,5.2,17.7,17.0,36.0,240.0,540.0
LAKE,TELANGANA,27.0,29.0,0.3,3.9,7.0,8.3,1146.0,1888.0,2.1,14.0,2.1,12.8,11.0,63.0,170.0,540.0
LAKE,TELANGANA,28.0,30.0,0.3,2.2,7.2,8.2,1080.0,1732.0,6.0,12.0,2.2,18.0,21.0,63.0,280.0,540.0
LAKE,TELANGANA,27.0,30.0,2.2,5.0,7.3,8.5,377.0,572.0,2.1,6.0,0.3,4.0,2.0,33.0,28.0,540.0
LAKE,TELANGANA,22.0,30.0,0.3,3.8,7.1,8.2,1048.0,1821.0,3.2,18.0,0.3,16.8,13.0,79.0,94.0,540.0
LAKE,TELANGANA,25.0,30.0,0.8,3.2,7.6,8.5,1042.0,1476.0,3.0,6.0,1.0,14.0,7.0,54.0,280.0,540.0
LAKE,TELANGANA,20.0,32.0,0.3,4.1,7.1,8.4,999.0,1323.0,3.0,10.0,2.6,10.3,10.0,34.0,220.0,540.0
LAKE,TELANGANA,20.0,30.0,0.3,3.9,7.0,8.5,830.0,1313.0,4.0,14.0,6.2,39.0,8.0,33.0,170.0,540.0
LAKE,TELANGANA,21.0,30.0,0.3,0.3,7.1,8.4,961.0,1685.0,6.0,10.0,2.1,7.0,21.0,84.0,430.0,540.0
LAKE,TELANGANA,20.0,29.0,4.9,6.2,7.3,8.1,388.0,526.0,2.1,2.6,0.3,1.2,2.0,4.0,2.0,110.0
LAKE,TELANGANA,28.0,35.0,0.3,0.9,7.0,8.4,1773.0,3194.0,6.0,22.0,5.2,29.0,26.0,120.0,350.0,920.0
LAKE,TELANGANA,23.2,32.0,0.3,2.4,7.4,8.0,1044.0,1410.0,5.8,8.0,1.8,14.6,39.0,120.0,430.0,920.0
LAKE,TELANGANA,25.0,25.0,5.9,6.8,6.5,7.3,394.0,914.0,2.1,3.6,3.11,7.15,10.0,25.0,120.0,280.0
LAKE,TELANGANA,20.0,35.0,2.9,5.0,7.2,8.3,378.0,671.0,2.1,4.0,0.3,2.4,8.0,34.0,110.0,280.0
LAKE,TELANGANA,20.0,30.0,1.8,5.1,7.1,8.5,554.0,775.0,2.1,7.0,2.2,7.8,4.0,27.0,33.0,430.0
LAKE,TELANGANA,27.0,29.0,0.3,0.9,7.3,8.5,1269.0,1942.0,6.0,14.0,7.2,27.0,21.0,63.0,350.0,540.0
LAKE,TELANGANA,24.0,29.0,0.3,4.1,7.2,8.5,869.0,1366.0,3.0,10.0,1.8,12.0,11.0,49.0,130.0,430.0
LAKE,TELANGANA,20.0,33.0,0.3,0.3,6.9,7.6,1045.0,1769.0,6.0,17.0,5.4,19.9,10.0,47.0,350.0,540.0
LAKE,TELANGANA,28.0,35.0,1.8,4.4,7.0,8.4,715.0,1291.0,2.1,5.8,1.5,8.8,11.0,33.0,170.0,540.0
LAKE,TELANGANA,28.0,29.0,5.0,6.6,6.9,8.4,124.0,211.0,2.1,2.6,0.3,0.8,2.0,2.0,4.0,32.0
LAKE,TELANGANA,20.0,30.0,0.3,1.0,7.2,8.2,870.0,1520.0,4.2,10.0,2.6,13.0,7.0,110.0,280.0,540.0
LAKE,TELANGANA,21.0,30.0,3.1,5.4,7.5,8.3,1086.0,1744.0,2.4,5.4,0.4,4.5,3.0,22.0,150.0,350.0
LAKE,TELANGANA,27.0,29.0,0.3,0.3,7.1,7.7,1488.0,1731.0,6.2,12.0,4.0,18.2,17.0,63.0,430.0,920.0
LAKE,TELANGANA,20.0,27.0,0.3,3.2,6.9,8.5,940.0,1360.0,4.0,10.0,3.0,12.0,10.0,47.0,140.0,540.0
LAKE,TELANGANA,28.0,35.0,2.8,5.8,6.7,8.0,520.0,1358.0,2.1,5.4,0.3,6.0,6.0,49.0,170.0,540.0
LAKE,TELANGANA,28.0,28.0,0.8,5.1,6.7,7.8,543.0,882.0,2.1,8.0,1.8,11.6,11.0,33.0,210.0,540.0
LAKE,TELANGANA,28.0,29.0,0.3,0.3,7.5,8.2,1481.0,1983.0,7.0,10.0,8.4,16.6,47.0,63.0,430.0,540.0
LAKE,TELANGANA,27.0,28.0,1.3,4.2,7.2,8.2,685.0,1054.0,3.0,11.0,0.4,23.0,2.0,47.0,64.0,540.0
LAKE,TELANGANA,20.0,31.0,0.9,3.8,7.2,8.4,809.0,1030.0,3.2,10.0,1.2,16.2,4.0,84.0,240.0,540.0
LAKE,TELANGANA,18.0,29.0,0.3,3.0,6.7,8.4,682.0,1244.0,3.2,11.0,3.6,9.2,11.0,46.0,140.0,540.0
LAKE,TELANGANA,24.0,29.0,2.0,3.8,7.4,8.4,742.0,1106.0,2.8,10.0,1.0,8.6,11.0,73.0,170.0,540.0
LAKE,TELANGANA,24.0,31.0,0.3,2.9,7.2,8.1,1177.0,1398.0,2.2,8.0,1.2,6.4,4.0,84.0,280.0,430.0
LAKE,TELANGANA,21.0,27.0,0.3,4.0,7.2,8.5,366.0,2188.0,2.1,18.0,1.7,9.9,9.0,63.0,79.0,430.0
LAKE,TELANGANA,26.0,42.0,0.3,3.1,6.8,8.2,1072.0,1790.0,3.0,11.0,0.3,18.6,15.0,63.0,79.0,540.0
LAKE,TELANGANA,27.0,28.0,0.3,2.0,7.1,8.0,1010.0,1358.0,5.0,13.0,0.3,12.6,21.0,63.0,430.0,920.0
LAKE,TELANGANA,28.0,32.0,0.3,2.0,6.9,8.4,919.0,1632.0,5.8,12.0,1.0,13.5,17.0,84.0,240.0,540.0
LAKE,TELANGANA,20.0,35.0,0.3,3.8,7.3,8.2,279.0,1102.0,2.1,32.0,2.2,6.0,4.0,21.0,280.0,430.0
LAKE,TELANGANA,23.0,26.0,5.9,7.1,6.8,7.4,410.0,670.0,2.1,3.0,4.1,7.15,6.0,9.0,21.0,41.0
LAKE,TELANGANA,22.0,32.0,0.3,3.3,7.5,8.9,1112.0,1356.0,3.3,20.0,2.4,14.3,17.0,63.0,70.0,540.0
LAKE,TELANGANA,20.0,27.0,0.3,4.0,7.1,8.6,828.0,1248.0,3.0,10.0,2.0,14.0,11.0,33.0,150.0,540.0
LAKE,TELANGANA,26.0,35.0,0.3,2.7,7.2,8.5,1322.0,2186.0,6.0,12.0,3.8,35.0,17.0,84.0,140.0,920.0
LAKE,TELANGANA,25.0,29.0,0.3,0.3,7.2,7.9,1384.0,2436.0,6.2,22.0,4.0,28.7,21.0,94.0,430.0,540.0
LAKE,TELANGANA,26.0,28.0,0.3,0.3,7.2,8.1,1079.0,1803.0,6.0,12.0,3.0,26.0,8.0,63.0,210.0,540.0
LAKE,TELANGANA,19.0,30.0,0.3,0.3,7.2,8.1,1193.0,1745.0,7.0,22.0,3.8,28.0,14.0,63.0,240.0,540.0
LAKE,TELANGANA,19.0,32.0,0.3,2.6,7.1,7.7,737.0,1515.0,4.6,14.0,4.2,9.4,21.0,73.0,210.0,430.0
LAKE,TELANGANA,27.0,32.0,0.3,2.2,7.1,8.6,1050.0,1579.0,4.0,22.0,1.2,11.2,21.0,77.0,280.0,540.0
LAKE,TELANGANA,28.0,34.0,2.1,4.6,7.3,8.2,1130.0,1817.0,8.0,19.0,5.1,15.0,70.0,220.0,230.0,1600.0
LAKE,TELANGANA,20.0,28.0,0.3,3.4,6.8,8.3,623.0,2440.0,3.5,14.0,3.6,12.4,17.0,94.0,170.0,540.0
LAKE,TELANGANA,28.0,29.0,3.3,5.9,7.1,8.4,527.0,746.0,2.1,8.0,0.6,2.8,2.0,31.0,26.0,350.0
LAKE,TELANGANA,20.0,27.0,0.3,3.2,7.1,8.3,717.0,1404.0,4.0,15.0,5.2,14.3,13.0,33.0,160.0,540.0
LAKE,TELANGANA,27.0,28.0,4.8,6.5,7.5,8.5,136.0,458.0,2.1,2.8,0.3,0.8,2.0,2.0,10.0,39.0
LAKE,TELANGANA,30.0,35.0,0.3,2.4,7.2,8.5,487.0,868.0,3.0,6.0,1.0,13.0,8.0,33.0,170.0,540.0
LAKE,TELANGANA,27.0,27.0,5.0,6.4,7.6,8.3,205.0,339.0,2.1,2.3,0.3,1.2,2.0,4.0,15.0,120.0
LAKE,TELANGANA,25.0,25.0,5.5,6.6,6.7,7.5,548.0,1072.0,2.4,5.0,5.18,10.17,14.0,31.0,170.0,350.0
LAKE,TELANGANA,20.0,32.0,0.3,4.2,7.0,8.4,644.0,920.0,2.6,8.0,1.6,8.6,8.0,22.0,80.0,540.0
LAKE,TELANGANA,21.0,30.0,0.3,1.6,7.1,8.3,1150.0,1865.0,6.0,13.0,2.2,12.0,17.0,84.0,350.0,540.0
LAKE,TELANGANA,21.0,30.0,0.3,2.2,7.1,8.3,1224.0,2627.0,3.0,36.0,0.3,18.6,17.0,63.0,350.0,540.0
LAKE,TELANGANA,24.0,35.0,0.3,1.2,7.2,8.3,944.0,1537.0,5.8,14.0,2.0,10.6,21.0,34.0,280.0,540.0
LAKE,TELANGANA,22.0,30.0,0.3,0.3,7.0,8.1,840.0,1535.0,4.0,22.0,3.2,10.2,12.0,63.0,140.0,540.0
LAKE,TELANGANA,22.0,29.0,5.2,6.1,7.4,8.4,498.0,622.0,2.1,2.8,0.3,2.4,2.0,12.0,27.0,280.0
LAKE,TELANGANA,24.0,30.0,1.2,5.9,7.4,8.5,634.0,1354.0,2.1,7.0,1.6,10.2,14.0,63.0,33.0,540.0
LAKE,TELANGANA,28.0,41.0,0.3,1.0,7.1,7.8,944.0,1592.0,5.0,14.0,0.3,14.2,21.0,63.0,430.0,540.0
LAKE,TELANGANA,24.0,25.0,5.8,6.7,6.9,7.4,418.0,838.0,2.1,3.4,4.13,7.13,12.0,27.0,130.0,280.0
LAKE,TELANGANA,23.0,33.0,0.3,1.0,6.9,7.9,977.0,2360.0,6.0,16.0,4.5,19.0,27.0,73.0,350.0,540.0
LAKE,TELANGANA,29.0,38.0,0.3,0.3,7.1,8.4,1289.0,1558.0,6.0,12.0,0.3,14.2,21.0,33.0,430.0,540.0
LAKE,TELANGANA,27.0,35.0,0.3,3.7,6.9,8.4,813.0,1020.0,2.1,8.0,0.3,7.4,7.0,57.0,120.0,430.0
LAKE,TELANGANA,27.0,30.0,0.3,3.1,7.1,7.8,1312.0,1604.0,5.0,16.0,7.8,52.0,9.0,63.0,130.0,540.0
LAKE,TELANGANA,27.0,28.0,0.3,3.0,7.0,8.1,1027.0,2250.0,5.8,20.0,0.6,37.0,27.0,63.0,220.0,920.0
LAKE,TELANGANA,22.0,29.0,0.3,3.8,7.2,8.0,740.0,1352.0,4.0,19.0,0.9,8.6,2.0,57.0,220.0,920.0
POND,TELANGANA,25.0,29.0,0.3,0.3,7.3,8.2,925.0,1500.0,7.8,12.0,2.0,6.4,33.0,79.0,350.0,430.0
POND,TELANGANA,19.0,24.0,0.3,1.3,6.4,7.3,4750.0,15300.0,31.0,350.0,24.37,46.37,6.0,14.0,170.0,540.0
POND,TELANGANA,27.0,28.0,4.1,5.9,7.6,8.5,537.0,901.0,2.1,4.0,0.8,2.2,2.0,27.0,11.0,220.0
POND,TELANGANA,26.0,30.0,2.0,3.6,7.3,8.5,705.0,944.0,2.4,6.0,0.8,5.4,7.0,57.0,240.0,430.0
POND,TELANGANA,21.0,29.0,0.6,3.2,7.0,8.3,1225.0,1609.0,3.2,8.0,1.0,4.6,15.0,53.0,210.0,540.0
POND,TELANGANA,25.0,35.0,3.0,5.1,6.9,8.6,589.0,873.0,2.2,4.0,1.0,10.8,2.0,43.0,120.0,430.0
POND,TELANGANA,26.0,28.0,0.3,1.2,7.4,8.3,1046.0,1753.0,6.0,10.0,0.3,4.8,21.0,47.0,430.0,540.0
POND,TELANGANA,27.0,28.0,3.0,5.4,7.2,8.4,566.0,996.0,2.1,3.9,0.3,1.8,2.0,4.0,10.0,130.0
POND,TELANGANA,26.0,30.0,0.3,1.2,7.2,8.5,1163.0,1665.0,6.0,12.0,2.4,26.0,33.0,63.0,430.0,920.0
POND,TELANGANA,20.0,29.0,1.0,2.0,7.4,7.9,1144.0,1605.0,4.0,6.0,10.2,28.8,43.0,58.0,430.0,540.0
POND,TELANGANA,25.0,29.0,0.3,1.8,7.2,8.0,1020.0,1505.0,4.2,15.0,1.6,9.0,4.0,47.0,350.0,540.0
POND,TELANGANA,24.0,28.0,0.3,2.2,7.2,8.4,628.0,1679.0,4.0,11.0,1.1,7.6,11.0,63.0,350.0,540.0
POND,TELANGANA,27.0,28.0,0.3,3.0,7.5,8.5,1450.0,7050.0,4.0,32.0,1.1,14.0,2.0,31.0,120.0,350.0
TANK,TELANGANA,24.0,26.0,5.0,6.0,6.5,7.5,998.0,1347.0,3.2,6.0,9.13,13.17,4.0,12.0,79.0,170.0
TANK,TELANGANA,18.0,22.0,5.0,6.2,7.1,7.5,598.0,1004.0,2.2,4.5,5.11,12.12,4.0,12.0,36.0,49.0
TANK,TELANGANA,26.0,33.0,0.3,0.3,7.0,8.4,1305.0,2234.0,7.4,19.0,2.8,23.0,25.0,84.0,350.0,920.0
TANK,TELANGANA,28.0,28.0,0.3,4.6,7.0,8.4,706.0,1355.0,3.8,18.0,1.4,12.0,13.0,47.0,110.0,540.0
TANK,TELANGANA,26.0,26.0,4.6,6.3,6.7,7.5,795.0,1687.0,3.2,6.0,10.1,15.13,4.0,11.0,49.0,140.0
TANK,TELANGANA,27.0,29.0,5.1,6.2,7.9,8.5,253.0,502.0,2.0,2.1,0.3,2.6,2.0,17.0,14.0,280.0
TANK,TELANGANA,24.0,34.0,4.0,5.4,6.7,7.4,3530.0,5140.0,10.0,15.0,10.15,24.18,12.0,27.0,110.0,240.0
TANK,TELANGANA,19.0,24.0,5.0,6.2,6.8,7.5,1140.0,1802.0,5.2,8.0,9.13,14.2,4.0,10.0,70.0,140.0
TANK,TELANGANA,26.0,33.0,0.3,1.2,7.1,8.4,992.0,2097.0,5.6,20.0,2.4,14.6,11.0,63.0,350.0,540.0
TANK,TELANGANA,24.0,25.0,3.7,5.4,6.8,7.5,2186.0,5400.0,8.0,22.0,13.18,23.28,13.0,20.0,110.0,280.0
TANK,TELANGANA,22.0,30.0,3.6,6.0,7.3,8.2,471.0,1488.0,2.1,4.2,1.2,3.7,2.0,33.0,17.0,430.0
TANK,TELANGANA,20.0,25.0,4.0,5.6,7.0,7.3,1428.0,3964.0,5.0,10.0,12.2,21.15,2.0,8.0,39.0,63.0
TANK,TELANGANA,25.0,34.0,4.1,5.4,7.2,7.5,2248.0,4810.0,5.4,6.6,12.12,16.1,6.0,9.0,63.0,150.0
TANK,TELANGANA,19.0,23.0,5.0,6.2,6.6,7.6,1624.0,2895.0,5.4,9.5,13.1,26.1,2.0,8.0,38.0,84.0
TANK,TELANGANA,25.0,34.0,5.4,6.5,7.0,7.5,495.0,893.0,2.7,23.0,5.07,11.1,2.0,6.0,31.0,47.0
TANK,TELANGANA,27.0,28.0,1.5,4.0,6.8,8.4,788.0,1090.0,2.1,6.0,2.2,5.2,2.0,27.0,21.0,430.0
TANK,TELANGANA,25.0,26.0,4.3,5.8,7.0,7.4,585.0,1439.0,4.0,6.0,3.1,14.17,4.0,9.0,43.0,94.0
TANK,TELANGANA,28.0,35.0,0.3,0.3,7.1,8.3,1244.0,1615.0,12.0,22.0,1.8,18.0,15.0,47.0,120.0,540.0
TANK,TELANGANA,24.0,25.0,5.0,6.3,6.8,7.5,570.0,1347.0,4.0,6.0,6.12,11.18,6.0,10.0,58.0,170.0
TANK,TELANGANA,25.0,27.0,0.3,0.3,7.0,8.2,1724.0,2496.0,7.6,18.0,0.7,14.6,17.0,94.0,350.0,540.0
TANK,TELANGANA,24.0,24.0,5.4,6.4,6.9,7.4,642.0,1457.0,2.1,5.0,6.1,12.13,6.0,12.0,47.0,70.0
TANK,TELANGANA,27.0,29.0,2.6,5.7,7.4,8.6,420.0,1221.0,2.1,4.0,0.6,6.8,7.0,34.0,150.0,350.0
TANK,TELANGANA,28.0,33.0,0.3,0.3,7.0,7.9,921.0,3030.0,6.0,14.0,2.5,31.8,17.0,33.0,280.0,1600.0
TANK,TELANGANA,24.0,26.0,4.5,6.2,6.8,7.5,420.0,1709.0,2.2,5.7,4.1,12.11,2.0,7.0,26.0,70.0
TANK,TELANGANA,27.0,35.0,0.3,4.6,6.9,8.4,427.0,1178.0,2.1,8.0,1.4,6.0,4.0,58.0,220.0,430.0
TANK,TELANGANA,24.0,29.0,0.3,2.6,7.4,8.4,1921.0,4320.0,5.2,26.0,2.4,12.0,4.0,21.0,280.0,540.0
TANK,TELANGANA,27.0,29.0,1.7,3.7,7.1,8.6,606.0,1306.0,2.1,10.0,0.4,5.6,2.0,27.0,120.0,430.0
TANK,TELANGANA,24.0,34.0,4.6,5.8,7.1,7.4,480.0,1325.0,2.5,4.0,4.1,10.2,2.0,9.0,27.0,47.0
TANK,TELANGANA,24.0,25.0,5.1,6.4,6.6,7.5,1023.0,1898.0,3.5,6.0,7.1,15.1,2.0,8.0,47.0,84.0
TANK,TELANGANA,18.0,23.0,5.2,6.6,6.8,7.5,689.0,1180.0,3.0,6.2,6.16,14.1,6.0,11.0,34.0,48.0
TANK,TELANGANA,23.0,29.0,1.8,6.6,6.7,8.5,344.0,820.0,2.1,8.0,0.8,8.1,7.0,27.0,150.0,430.0
TANK,TELANGANA,28.0,29.0,4.1,6.3,7.6,8.5,350.0,644.0,2.1,3.0,0.5,2.6,2.0,26.0,26.0,350.0
TANK,TELANGANA,24.0,25.0,5.2,6.6,6.7,7.5,5.0,1437.0,2.2,5.0,9.1,15.15,8.0,12.0,43.0,84.0
LAKE,TRIPURA,18.0,28.5,5.1,5.9,7.0,7.4,155.0,200.0,1.0,1.6,0.72,3.0,17.0,58.0,94.0,220.0
LAKE,TRIPURA,19.0,30.0,5.2,5.9,6.6,7.3,121.0,198.0,1.0,2.2,0.55,3.08,21.0,63.0,140.0,280.0
LAKE,TRIPURA,19.0,29.0,5.2,6.4,7.1,7.5,124.0,211.0,1.0,1.5,0.58,2.94,13.0,58.0,79.0,210.0
LAKE,TRIPURA,19.0,30.0,5.2,6.2,6.9,7.5,137.0,198.0,1.0,1.8,0.48,2.55,22.0,41.0,120.0,210.0
LAKE,TRIPURA,18.0,29.0,5.2,6.3,7.1,7.5,152.0,203.0,1.0,1.9,0.74,2.73,21.0,58.0,94.0,220.0
LAKE,TRIPURA,18.0,29.0,5.3,6.9,6.9,7.3,148.0,206.0,1.4,2.3,0.72,3.5,27.0,84.0,150.0,280.0
LAKE,TRIPURA,18.0,29.0,5.6,6.5,7.0,7.7,129.0,181.0,1.0,2.1,0.73,2.73,25.0,63.0,150.0,280.0
LAKE,TRIPURA,19.0,28.5,5.1,5.8,6.6,7.5,132.0,187.0,1.1,1.7,1.07,3.06,31.0,49.0,170.0,240.0
POND,TRIPURA,19.0,28.5,5.4,6.5,6.9,7.5,157.0,228.0,1.0,1.8,1.0,2.48,17.0,48.0,84.0,170.0
POND,TRIPURA,18.5,29.0,5.6,6.7,6.7,7.3,139.0,194.0,1.0,1.8,0.67,2.39,17.0,46.0,84.0,170.0
POND,TRIPURA,18.5,30.0,5.0,6.1,6.2,7.3,142.0,198.0,1.0,1.9,0.7,2.49,15.0,48.0,63.0,210.0
POND,TRIPURA,19.0,29.5,5.2,6.2,6.9,7.3,143.0,201.0,1.0,2.2,0.71,3.08,17.0,58.0,84.0,210.0
POND,TRIPURA,19.5,29.5,5.1,6.8,7.0,7.7,141.0,220.0,1.5,2.6,1.54,4.0,33.0,93.0,140.0,280.0
POND,TRIPURA,18.0,29.0,5.1,6.0,6.9,7.5,143.0,191.0,1.1,1.6,0.61,2.48,27.0,47.0,110.0,210.0
POND,TRIPURA,19.0,30.0,5.1,5.9,6.8,7.4,135.0,198.0,1.0,1.9,0.58,2.4,17.0,47.0,110.0,220.0
POND,TRIPURA,19.0,29.0,5.4,6.8,6.9,7.4,134.0,192.0,1.0,1.5,0.72,2.39,17.0,63.0,94.0,240.0
POND,TRIPURA,19.5,30.0,1.2,6.2,6.4,8.0,147.0,216.0,3.1,11.0,0.89,6.6,47.0,94.0,210.0,430.0
POND,TRIPURA,19.0,29.0,5.0,5.9,6.6,7.2,128.0,192.0,1.1,1.9,0.68,2.9,17.0,58.0,84.0,210.0
LAKE,UTTAR PRADESH,17.0,24.0,7.8,8.8,8.1,9.0,468.0,539.0,5.2,6.8,0.6,2.9,30000.0,40000.0,55000.0,64000.0
LAKE,UTTAR PRADESH,19.0,26.0,5.8,7.0,7.6,8.2,251.0,371.0,4.0,5.0,0.8,0.92,3600.0,4300.0,6300.0,7900.0
POND,UTTAR PRADESH,18.0,22.0,4.5,5.8,7.2,8.4,624.0,629.0,6.0,15.0,0.6,2.9,41.0,321.0,280.0,920.0
POND,UTTAR PRADESH,18.0,23.2,1.2,4.7,7.5,8.9,1190.0,1336.0,16.0,32.0,0.6,2.9,4300.0,4300.0,6300.0,6300.0
LAKE,UTTARAKHAND,11.0,23.0,7.4,9.0,7.2,8.0,160.0,210.0,1.0,1.6,0.32,0.37,70.0,170.0,210.0,540.0
LAKE,UTTARAKHAND,9.0,22.0,7.6,9.6,7.2,7.8,370.0,440.0,1.0,2.0,0.32,0.36,140.0,350.0,350.0,920.0
LAKE,WEST BENGAL,19.0,30.0,7.7,8.6,7.0,8.1,141.0,195.0,1.2,1.7,0.3,0.3,1100.0,2200.0,1400.0,3900.0
LAKE,WEST BENGAL,22.5,34.0,4.0,13.1,7.8,8.7,568.0,763.0,3.2,8.5,0.35,0.72,3300.0,35000.0,4900.0,54000.0
LAKE,WEST BENGAL,22.5,34.0,4.5,10.9,7.5,8.6,567.0,868.0,3.2,6.9,0.3,0.8,1400.0,92000.0,3300.0,160000.0
LAKE,WEST BENGAL,6.0,24.0,5.5,7.8,6.9,7.9,20.0,97.0,1.0,1.8,0.3,0.3,60.0,5000.0,110.0,13000.0
LAKE,WEST BENGAL,21.0,30.0,6.8,8.2,6.7,7.6,32.0,68.0,1.0,2.2,0.3,0.3,400.0,5000.0,1300.0,13000.0
LAKE,WEST BENGAL,19.0,33.0,6.8,8.9,6.7,8.4,32.0,128.0,1.4,2.1,0.3,0.3,170.0,2600.0,700.0,9000.0
LAKE,WEST BENGAL,22.5,34.0,3.8,12.0,7.6,8.7,569.0,775.0,3.6,7.2,0.3,0.9,13000.0,240000.0,23000.0,540000.0
LAKE,WEST BENGAL,4.0,24.0,5.8,6.9,6.5,8.0,67.0,196.0,1.8,2.8,0.3,0.32,2100.0,5000.0,5000.0,14000.0
LAKE,WEST BENGAL,22.0,31.0,5.2,9.7,7.2,8.5,252.0,826.0,1.8,4.1,0.3,1.9,330.0,790.0,1100.0,1700.0
LAKE,WEST BENGAL,22.0,32.0,8.8,9.8,7.0,7.6,311.0,422.0,2.7,7.3,0.3,0.8,3100.0,9400.0,4300.0,12000.0
LAKE,WEST BENGAL,7.0,16.0,7.1,8.1,6.9,7.6,13.0,29.0,1.0,1.1,0.3,0.3,70.0,110.0,110.0,210.0
LAKE,WEST BENGAL,9.0,24.0,7.2,8.2,6.9,7.6,20.0,36.0,1.0,1.8,0.3,0.3,60.0,130.0,110.0,330.0
LAKE,WEST BENGAL,8.0,18.0,7.1,8.5,6.9,7.9,16.0,73.0,1.0,1.6,0.3,0.3,70.0,110.0,110.0,330.0
